<?xml version="1.0"?>
<!--
	Test purpose : request a basic asset valuation on instrument
	Expected result : a ValuationResult message issued with description of given instrument and basic asset valuation
-->
<exch:valuationRequest version="4-2" xmlns:xsi="http://www.w3.org/2001/XMLSchema-instance"
             xmlns:exch="http://sophis.net/sophis/gxml/dataExchange" xmlns:fpml="http://www.fpml.org/2005/FpML-4-2"
             xmlns:dsig="http://www.w3.org/2000/09/xmldsig#" xmlns:common="http://sophis.net/sophis/common"
             xmlns:xsd="http://www.w3.org/2001/XMLSchema" xmlns:party="http://www.sophis.net/party"
             xmlns:trade="http://www.sophis.net/trade" xmlns:instrument="http://www.sophis.net/Instrument"
             xmlns:sph="http://www.sophis.net/Instrument" xmlns:folio="http://www.sophis.net/folio"
             xmlns:user="http://www.sophis.net/user" xmlns:valuation="http://www.sophis.net/valuation"
             xmlns:preferences="http://www.sophis.net/preferences">

	<fpml:header>
		<fpml:messageId messageIdScheme="http://www.sophis.net/gxml/exchange/messageIdScheme/simple">001</fpml:messageId>
		<fpml:sentBy partyIdScheme="http://www.sophis.net/party/partyId/name">CLIENT</fpml:sentBy>
		<fpml:sendTo partyIdScheme="http://www.sophis.net/party/partyId/name">SOPHIS</fpml:sendTo>
		<fpml:creationTimestamp>2005-09-19T13:52:00</fpml:creationTimestamp>
	</fpml:header>

	<valuation:valuationSet>
	
		<valuation:instrumentAsset valuation:id="Underlying1">
			<instrument:instrumentIdentifier>
				<instrument:reference instrument:name="Ticker">CAC Index</instrument:reference>
			</instrument:instrumentIdentifier>
		</valuation:instrumentAsset>
		
		<valuation:market>
		</valuation:market>

		<valuation:basicAssetValuation>
			<valuation:objectReference valuation:href="Underlying1" />
		</valuation:basicAssetValuation>

	</valuation:valuationSet>

</exch:valuationRequest>
