<?xml version="1.0"?>
<!--
	Test purpose : request a derivative asset valuation on instrument
	Expected result : a ValuationResult message issued with description of given instrument and derivative asset valuation
-->
<exch:valuationRequest version="4-2" xmlns:xsi="http://www.w3.org/2001/XMLSchema-instance"
             xmlns:exch="http://sophis.net/sophis/gxml/dataExchange" xmlns:fpml="http://www.fpml.org/2005/FpML-4-2"
             xmlns:dsig="http://www.w3.org/2000/09/xmldsig#" xmlns:common="http://sophis.net/sophis/common"
             xmlns:xsd="http://www.w3.org/2001/XMLSchema" xmlns:party="http://www.sophis.net/party"
             xmlns:trade="http://www.sophis.net/trade" xmlns:instrument="http://www.sophis.net/Instrument"
             xmlns:sph="http://www.sophis.net/Instrument" xmlns:folio="http://www.sophis.net/folio"
             xmlns:user="http://www.sophis.net/user" xmlns:valuation="http://www.sophis.net/valuation"
             xmlns:market_data="http://www.sophis.net/market_data" xmlns:dividend="http://www.sophis.net/dividend"
             xmlns:preferences="http://www.sophis.net/preferences" >

	<fpml:header>
		<fpml:messageId messageIdScheme="http://www.sophis.net/gxml/exchange/messageIdScheme/simple">001</fpml:messageId>
		<fpml:sentBy partyIdScheme="http://www.sophis.net/party/partyId/name">CLIENT</fpml:sentBy>
		<fpml:sendTo partyIdScheme="http://www.sophis.net/party/partyId/name">SOPHIS</fpml:sendTo>
		<fpml:creationTimestamp>2005-09-19T13:52:00</fpml:creationTimestamp>
	</fpml:header>

	<valuation:valuationSet>
		
		<valuation:instrumentAsset valuation:id="Option1">
			<instrument:instrumentIdentifier>
				<instrument:reference instrument:name="Ticker">CAC 12 C3200 Index</instrument:reference>
			</instrument:instrumentIdentifier>
		</valuation:instrumentAsset>
		
		<valuation:instrumentAsset valuation:id="IRS1">
			<instrument:instrumentIdentifier>
				<instrument:reference instrument:name="Ticker">67445307</instrument:reference>
			</instrument:instrumentIdentifier>
		</valuation:instrumentAsset>
		
		<valuation:market>
		  <valuation:quotedAssetSet>
	        <valuation:instrumentSet>
				<valuation:instrumentAsset valuation:id="Instrument1">
					<instrument:instrumentIdentifier>
						<instrument:reference instrument:name="Ticker">CAC Index</instrument:reference>
					</instrument:instrumentIdentifier>
				</valuation:instrumentAsset>
	        </valuation:instrumentSet>
	      </valuation:quotedAssetSet>
		  <valuation:pricingPreferences>
				<preferences:preferences>
					<preferences:preference>
						<preferences:name>THETA_INCLUDE_DIVIDEND</preferences:name>
						<preferences:preferenceValue>
							<preferences:valueShort>1</preferences:valueShort>
						</preferences:preferenceValue>
					</preferences:preference>
				</preferences:preferences>
			</valuation:pricingPreferences>
	      <market_data:dividendsValuation>
	        <valuation:objectReference valuation:href="Instrument1"/>
	        <dividend:dividends>
	          <dividend:identifier>
	            <instrument:reference instrument:name="Ticker">CAC Index</instrument:reference>
	          </dividend:identifier>
	          <dividend:dividendList>
	            <dividend:recordDateWay>Excluded</dividend:recordDateWay>
	            <dividend:dividend>
	              <dividend:dividendValueType>MonetaryUnit</dividend:dividendValueType>
	              <dividend:dividendNatureType>TaxCredit</dividend:dividendNatureType>
	              <dividend:recordDate>2010-07-02</dividend:recordDate>
	              <dividend:settlementDate>2010-07-02</dividend:settlementDate>
	              <dividend:exDividendDate>2010-07-02</dividend:exDividendDate>
	              <dividend:value>2.0500000000000000</dividend:value>
	              <dividend:comment></dividend:comment>
	            </dividend:dividend>
	          </dividend:dividendList>
	        </dividend:dividends>
	      </market_data:dividendsValuation>
		</valuation:market>

		<valuation:derivativeAssetValuation>
			<valuation:objectReference valuation:href="Option1" />
		</valuation:derivativeAssetValuation>

		<valuation:derivativeAssetValuation>
			<valuation:objectReference valuation:href="IRS1" />
		</valuation:derivativeAssetValuation>
		
		<valuation:fairValueAssetValuation>
			<valuation:objectReference valuation:href="IRS1" />
		</valuation:fairValueAssetValuation>
		
	</valuation:valuationSet>
</exch:valuationRequest>
