<?xml version="1.0"?>
<!--
	Test purpose : request a portfolio valuation on portfolio
	Expected result : a ValuationResult message issued with description on given portfolio and portfolio valuation
-->
<exch:valuationRequest version="4-2" xmlns:xsi="http://www.w3.org/2001/XMLSchema-instance"
             xmlns:exch="http://sophis.net/sophis/gxml/dataExchange" xmlns:fpml="http://www.fpml.org/2005/FpML-4-2"
             xmlns:dsig="http://www.w3.org/2000/09/xmldsig#" xmlns:common="http://sophis.net/sophis/common"
             xmlns:xsd="http://www.w3.org/2001/XMLSchema" xmlns:party="http://www.sophis.net/party"
             xmlns:trade="http://www.sophis.net/trade" xmlns:instrument="http://www.sophis.net/Instrument"
             xmlns:sph="http://www.sophis.net/Instrument" xmlns:folio="http://www.sophis.net/folio"
             xmlns:user="http://www.sophis.net/user" xmlns:valuation="http://www.sophis.net/valuation"
             xmlns:preferences="http://www.sophis.net/preferences" exch:batchType="AllRegardlessOfErrors">

	<fpml:header>
		<fpml:messageId messageIdScheme="http://www.sophis.net/gxml/exchange/messageIdScheme/simple">001</fpml:messageId>
		<fpml:sentBy partyIdScheme="http://www.sophis.net/party/partyId/name">BARCLAYS</fpml:sentBy>
		<fpml:sendTo partyIdScheme="http://www.sophis.net/party/partyId/name">SOPHIS</fpml:sendTo>
		<fpml:creationTimestamp>2005-09-19T13:52:00</fpml:creationTimestamp>
	</fpml:header>
	
			<valuation:valuationSet>
			
				<valuation:scenarioValuation>
					<scenario:scenario xmlns:scenario="http://www.sophis.net/scenario" xmlns:folio="http://www.sophis.net/folio" xmlns:instrument="http://www.sophis.net/Instrument" xmlns:xsi="http://www.w3.org/2001/XMLSchema-instance">
					
					  <scenario:perimeter>
					    <scenario:portfolio xsi:type="folio:StandardPortfolio">
					      <folio:id>3713</folio:id>
					    </scenario:portfolio>
					  </scenario:perimeter>
					
					  <scenario:parameters xsi:type="scenario:Riskmatrix">
					    <scenario:calculationMode>Local</scenario:calculationMode>
					    <scenario:X-Axis scenario:Parameter="Underlying" scenario:axis="0.0000000000000000" scenario:bump="In Points" scenario:numberOfSteps="3" scenario:step="1.0000000000000000"/>
					    <scenario:Y-Axis scenario:Parameter="Volat" scenario:axis="0.0000000000000000" scenario:bump="In Points" scenario:numberOfSteps="3" scenario:step="1.0000000000000000"/>
					    <scenario:date>
					      <scenario:absoluteDate>1904-01-01</scenario:absoluteDate>
					    </scenario:date>
					    <scenario:result>
					      <scenario:PnL>true</scenario:PnL>
					      <scenario:delta>false</scenario:delta>
					      <scenario:gamma>false</scenario:gamma>
					      <scenario:vega>false</scenario:vega>
					      <scenario:rho>false</scenario:rho>
					      <scenario:deltaPnL>false</scenario:deltaPnL>
					      <scenario:theta>false</scenario:theta>
					      <scenario:totalDelta>false</scenario:totalDelta>
					      <scenario:partialDelta>false</scenario:partialDelta>
					    </scenario:result>
					  </scenario:parameters>
					
					</scenario:scenario>
				</valuation:scenarioValuation>

			</valuation:valuationSet>
</exch:valuationRequest>
	