<?xml version="1.0"?>
<!--
	Test purpose : request a portfolio valuation on portfolio
	Expected result : a ValuationResult message issued with description on given portfolio and portfolio valuation
-->
<exch:valuationRequest version="4-2" xmlns:xsi="http://www.w3.org/2001/XMLSchema-instance"
             xmlns:exch="http://sophis.net/sophis/gxml/dataExchange" xmlns:fpml="http://www.fpml.org/2005/FpML-4-2"
             xmlns:dsig="http://www.w3.org/2000/09/xmldsig#" xmlns:common="http://sophis.net/sophis/common"
             xmlns:xsd="http://www.w3.org/2001/XMLSchema" xmlns:party="http://www.sophis.net/party"
             xmlns:trade="http://www.sophis.net/trade" xmlns:instrument="http://www.sophis.net/Instrument"
             xmlns:sph="http://www.sophis.net/Instrument" xmlns:folio="http://www.sophis.net/folio"
             xmlns:user="http://www.sophis.net/user" xmlns:valuation="http://www.sophis.net/valuation"
             xmlns:preferences="http://www.sophis.net/preferences">

	<fpml:header>
		<fpml:messageId messageIdScheme="http://www.sophis.net/gxml/exchange/messageIdScheme/simple">001</fpml:messageId>
		<fpml:sentBy partyIdScheme="http://www.sophis.net/party/partyId/name">CLIENT</fpml:sentBy>
		<fpml:sendTo partyIdScheme="http://www.sophis.net/party/partyId/name">SOPHIS</fpml:sendTo>
		<fpml:creationTimestamp>2005-09-19T13:52:00</fpml:creationTimestamp>
	</fpml:header>
	
	<valuation:valuationSet>
	
		<valuation:extractionAsset valuation:id="Extraction1">
			<valuation:name>/Fund/Strategy</valuation:name>
		</valuation:extractionAsset>
		
		<valuation:portfolioValuation>
			<valuation:objectReference valuation:href="Extraction1" />
			<valuation:viewType>HierState</valuation:viewType>
			<valuation:customColumnSet>
				<valuation:column>Result</valuation:column>
				<valuation:column>Last</valuation:column>
				<valuation:column>Ident</valuation:column>
			</valuation:customColumnSet>
			<valuation:processRootNode>true</valuation:processRootNode>
		</valuation:portfolioValuation>

	</valuation:valuationSet>

</exch:valuationRequest>
	