<?xml version="1.0"?>
<exch:soaMethodsRequest exch:batchType="AllRegardlessOfErrors" version="4-2" xmlns:xsi="http://www.w3.org/2001/XMLSchema-instance"
             xmlns:exch="http://sophis.net/sophis/gxml/dataExchange" xmlns:fpml="http://www.fpml.org/2005/FpML-4-2"
             xmlns:common="http://sophis.net/sophis/common" xmlns:xsd="http://www.w3.org/2001/XMLSchema"
             xmlns:reporting="http://www.sophis.net/reporting">

	<fpml:header>
		<fpml:messageId messageIdScheme="http://www.sophis.net/gxml/exchange/messageIdScheme/simple">001</fpml:messageId>
		<fpml:sentBy partyIdScheme="http://www.sophis.net/party/partyId/name">CLIENT</fpml:sentBy>
		<fpml:sendTo partyIdScheme="http://www.sophis.net/party/partyId/name">SOPHIS</fpml:sendTo>
		<fpml:creationTimestamp>2005-09-19T13:52:00</fpml:creationTimestamp>
	</fpml:header>

  <reporting:soaMethod reporting:name="cashBalance">
    <reporting:param reporting:name="date">3d</reporting:param>
  </reporting:soaMethod>
 
  </exch:soaMethodsRequest>
