<?xml version="1.0"?>
<exch:queryMessage version="4-2" xmlns:xsi="http://www.w3.org/2001/XMLSchema-instance"
             xmlns:exch="http://sophis.net/sophis/gxml/dataExchange" xmlns:fpml="http://www.fpml.org/2005/FpML-4-2"
             xmlns:dsig="http://www.w3.org/2000/09/xmldsig#" xmlns:common="http://sophis.net/sophis/common"
             xmlns:xsd="http://www.w3.org/2001/XMLSchema" xmlns:party="http://www.sophis.net/party"
             xmlns:trade="http://www.sophis.net/trade" xmlns:instrument="http://www.sophis.net/Instrument"
             xmlns:sph="http://www.sophis.net/Instrument" xmlns:folio="http://www.sophis.net/folio"
             xmlns:user="http://www.sophis.net/user" xmlns:valuation="http://www.sophis.net/valuation"
             xmlns:preferences="http://www.sophis.net/preferences">
	<fpml:header>
		<fpml:conversationId conversationIdScheme=""/>
		<fpml:messageId messageIdScheme="http://www.sophis.net/gxml/exchange/messageIdScheme/simple">001</fpml:messageId>
		<fpml:sentBy partyIdScheme="http://www.sophis.net/party/partyId/name">BARCLAYS</fpml:sentBy>
		<fpml:sendTo partyIdScheme="http://www.sophis.net/party/partyId/name">SOPHIS</fpml:sendTo>
		<fpml:creationTimestamp>2005-09-19T13:52:00</fpml:creationTimestamp>
	</fpml:header>
	
	<exch:trade>SELECT REFCON from HISTOMVTS where DATECOMPTABLE > TO_DATE('20100101','yyyymmdd')</exch:trade>
	<exch:instrument>SELECT SICOVAM from TITRES where SICOVAM=67358777</exch:instrument>
	<exch:folio>SELECT IDENT from FOLIO where IDENT > 6270</exch:folio>
	<exch:party>select IDENT from tiers where IDENT=56</exch:party>
</exch:queryMessage>