<?xml version="1.0" encoding="UTF-8" standalone="yes"?>
<ns8:import xmlns="http://www.fpml.org/2005/FpML-4-2" xmlns:ns2="http://www.w3.org/2000/09/xmldsig#" xmlns:ns3="http://www.sophis.net/valuation" xmlns:ns4="http://www.sophis.net/Instrument" xmlns:ns5="http://sophis.net/sophis/common"
            xmlns:ns6="http://www.sophis.net/preferences" xmlns:ns7="http://www.sophis.net/party" xmlns:ns8="http://sophis.net/sophis/gxml/dataExchange" xmlns:ns9="http://www.sophis.net/quotation" xmlns:ns10="http://www.sophis.net/folio"
            xmlns:ns11="http://www.sophis.net/trade" xmlns:ns12="http://www.sophis.net/reporting" xmlns:ns13="http://www.sophis.net/scenario" version="4-2">
	<header>
		<conversationId conversationIdScheme=""></conversationId>
		<messageId messageIdScheme="http://www.sophis.net/gxml/exchange/messageIdScheme/simple">001</messageId>
		<sentBy partyIdScheme="http://www.sophis.net/party/partyId/name">BARCLAYS</sentBy>
		<sendTo partyIdScheme="http://www.sophis.net/party/partyId/name">SOPHIS</sendTo>
		<creationTimestamp>2005-09-19T13:52:00</creationTimestamp>
	</header>
	<ns9:quotations ns5:persistenceType="Shared">
		<ns9:quotationsByInstrument>
			<ns9:identifier>
				<ns4:reference ns4:name="Bloomberg">AC FP Equity</ns4:reference>
			</ns9:identifier>
			<ns9:quote>
				<ns9:quotationDate>2011-01-10</ns9:quotationDate>
				<ns9:sideString>Last</ns9:sideString>
				<ns9:value>401.0</ns9:value>
				<ns9:currency>EUR</ns9:currency>
			</ns9:quote>
			<ns9:quote>
				<ns9:quotationDate>2009-08-09</ns9:quotationDate>
				<ns9:sideString>Last</ns9:sideString>
				<ns9:value>402.0</ns9:value>
				<ns9:currency>USD</ns9:currency>
			</ns9:quote>
			<ns9:quote>
				<ns9:quotationDate>2009-08-10</ns9:quotationDate>
				<ns9:sideString>Last</ns9:sideString>
				<ns9:value>403.0</ns9:value>
				<ns9:currency>USD</ns9:currency>
			</ns9:quote>
		</ns9:quotationsByInstrument>
	</ns9:quotations>
</ns8:import>