<?xml version="1.0"?>
<!--
	Test purpose : import a yield curve
	Expected result : yield curve described below shall be inserted in db
-->
<exch:import version="4-2" xmlns:xsi="http://www.w3.org/2001/XMLSchema-instance"
             xmlns:exch="http://sophis.net/sophis/gxml/dataExchange" xmlns:fpml="http://www.fpml.org/2005/FpML-4-2"
             xmlns:dsig="http://www.w3.org/2000/09/xmldsig#" xmlns:common="http://sophis.net/sophis/common"
             xmlns:xsd="http://www.w3.org/2001/XMLSchema" xmlns:party="http://www.sophis.net/party"
             xmlns:trade="http://www.sophis.net/trade" xmlns:instrument="http://www.sophis.net/Instrument"
             xmlns:folio="http://www.sophis.net/folio" xmlns:user="http://www.sophis.net/user"
             xmlns:valuation="http://www.sophis.net/valuation" xmlns:correlation="http://www.sophis.net/correlation"
             xmlns:market_data="http://www.sophis.net/market_data" xmlns:volatility="http://www.sophis.net/volatility"
             xmlns:preferences="http://www.sophis.net/preferences" xmlns:yield_curve="http://www.sophis.net/yieldCurve" >

	<fpml:header>
		<fpml:messageId messageIdScheme="http://www.sophis.net/gxml/exchange/messageIdScheme/simple">001</fpml:messageId>
		<fpml:sentBy partyIdScheme="http://www.sophis.net/party/partyId/name">BARCLAYS</fpml:sentBy>
		<fpml:sendTo partyIdScheme="http://www.sophis.net/party/partyId/name">SOPHIS</fpml:sendTo>
		<fpml:creationTimestamp>2005-09-19T13:52:00</fpml:creationTimestamp>
	</fpml:header>

		<valuation:market>
	      <valuation:quotedAssetSet/>
	      <valuation:currencies>
	        <valuation:currencyAsset valuation:id="CurrencyAsset1">
	          <valuation:currency>EUR</valuation:currency>
	        </valuation:currencyAsset>
	      </valuation:currencies>

      <market_data:yieldCurveValuation>
        <valuation:objectReference valuation:href="CurrencyAsset1"/>
        <market_data:family>BOND</market_data:family>
        <yield_curve:yieldCurve>
          <yield_curve:name>test fpml</yield_curve:name>
          <yield_curve:inputs>
            <valuation:instrumentAsset valuation:id="InstrumentAsset1">
              <instrument:instrumentIdentifier>
                 <instrument:reference instrument:modifiable="UniqueNotPrioritary" instrument:name="Secsymb">EUR3MD</instrument:reference>
              </instrument:instrumentIdentifier>
            </valuation:instrumentAsset>
            <valuation:instrumentAsset valuation:id="InstrumentAsset2">
              <instrument:instrumentIdentifier>
                <instrument:reference instrument:modifiable="UniqueNotPrioritary" instrument:name="Secsymb">EURAB6E5Y</instrument:reference>
              </instrument:instrumentIdentifier>
            </valuation:instrumentAsset>
            
          </yield_curve:inputs>
          <yield_curve:shortRateTemplate valuation:href="InstrumentAsset1"/>
          <yield_curve:longRateTemplate valuation:href="InstrumentAsset1"/>
          <yield_curve:futureRateTemplate valuation:href="InstrumentAsset2"/>
          <yield_curve:model>rt-Linear</yield_curve:model>
          <yield_curve:spread>
            <yield_curve:spreadValue>1.0000000000000000</yield_curve:spreadValue>
            <yield_curve:spreadType>ZeroCoupon</yield_curve:spreadType>
            <yield_curve:spreadFamily></yield_curve:spreadFamily>
          </yield_curve:spread>
          <yield_curve:points>
            <yield_curve:point>
              <yield_curve:term>
                <yield_curve:tenor>
                  <common:periodMultiplier>1</common:periodMultiplier>
                  <common:periodEnum>Day</common:periodEnum>
                </yield_curve:tenor>
              </yield_curve:term>
              <yield_curve:yield>6.0000000000000000</yield_curve:yield>
              <yield_curve:definition valuation:href="InstrumentAsset2"/>
            </yield_curve:point>
            <yield_curve:point>
              <yield_curve:term>
                <yield_curve:tenor>
                  <common:periodMultiplier>7</common:periodMultiplier>
                  <common:periodEnum>Day</common:periodEnum>
                </yield_curve:tenor>
              </yield_curve:term>
              <yield_curve:yield>6.0000000000000000</yield_curve:yield>
              <yield_curve:definition valuation:href="InstrumentAsset2"/>
            </yield_curve:point>
            <yield_curve:point>
              <yield_curve:term>
                <yield_curve:tenor>
                  <common:periodMultiplier>1</common:periodMultiplier>
                  <common:periodEnum>Month</common:periodEnum>
                </yield_curve:tenor>
              </yield_curve:term>
              <yield_curve:yield>6.0000000000000000</yield_curve:yield>
              <yield_curve:definition valuation:href="InstrumentAsset2"/>
            </yield_curve:point>
            <yield_curve:point>
              <yield_curve:term>
                <yield_curve:tenor>
                  <common:periodMultiplier>2</common:periodMultiplier>
                  <common:periodEnum>Month</common:periodEnum>
                </yield_curve:tenor>
              </yield_curve:term>
              <yield_curve:yield>2.0000000000000000</yield_curve:yield>
              <yield_curve:definition valuation:href="InstrumentAsset2"/>
            </yield_curve:point>
            <yield_curve:point>
              <yield_curve:term>
                <yield_curve:tenor>
                  <common:periodMultiplier>3</common:periodMultiplier>
                  <common:periodEnum>Month</common:periodEnum>
                </yield_curve:tenor>
              </yield_curve:term>
              <yield_curve:yield>5.0000000000000000</yield_curve:yield>
              <yield_curve:definition valuation:href="InstrumentAsset2"/>
            </yield_curve:point>
            <yield_curve:point>
              <yield_curve:term>
                <yield_curve:tenor>
                  <common:periodMultiplier>4</common:periodMultiplier>
                  <common:periodEnum>Month</common:periodEnum>
                </yield_curve:tenor>
              </yield_curve:term>
              <yield_curve:yield>7.0000000000000009</yield_curve:yield>
              <yield_curve:definition valuation:href="InstrumentAsset2"/>
            </yield_curve:point>
            <yield_curve:point>
              <yield_curve:term>
                <yield_curve:tenor>
                  <common:periodMultiplier>6</common:periodMultiplier>
                  <common:periodEnum>Month</common:periodEnum>
                </yield_curve:tenor>
              </yield_curve:term>
              <yield_curve:yield>6.0000000000000000</yield_curve:yield>
              <yield_curve:definition valuation:href="InstrumentAsset2"/>
            </yield_curve:point>
            <yield_curve:point>
              <yield_curve:term>
                <yield_curve:tenor>
                  <common:periodMultiplier>9</common:periodMultiplier>
                  <common:periodEnum>Month</common:periodEnum>
                </yield_curve:tenor>
              </yield_curve:term>
              <yield_curve:yield>6.0000000000000000</yield_curve:yield>
              <yield_curve:definition valuation:href="InstrumentAsset2"/>
            </yield_curve:point>
            <yield_curve:point>
              <yield_curve:term>
                <yield_curve:tenor>
                  <common:periodMultiplier>12</common:periodMultiplier>
                  <common:periodEnum>Month</common:periodEnum>
                </yield_curve:tenor>
              </yield_curve:term>
              <yield_curve:yield>6.0000000000000000</yield_curve:yield>
              <yield_curve:definition valuation:href="InstrumentAsset2"/>
            </yield_curve:point>
            <yield_curve:point>
              <yield_curve:term>
                <yield_curve:tenor>
                  <common:periodMultiplier>2</common:periodMultiplier>
                  <common:periodEnum>Year</common:periodEnum>
                </yield_curve:tenor>
              </yield_curve:term>
              <yield_curve:yield>6.0000000000000000</yield_curve:yield>
              <yield_curve:definition valuation:href="InstrumentAsset2"/>
            </yield_curve:point>
            <yield_curve:point>
              <yield_curve:term>
                <yield_curve:date>2008-10-04</yield_curve:date>
              </yield_curve:term>
              <yield_curve:yield>5.5000000000000000</yield_curve:yield>
              <yield_curve:definition valuation:href="InstrumentAsset2"/>
            </yield_curve:point>
            <yield_curve:point>
              <yield_curve:term>
                <yield_curve:tenor>
                  <common:periodMultiplier>3</common:periodMultiplier>
                  <common:periodEnum>Year</common:periodEnum>
                </yield_curve:tenor>
              </yield_curve:term>
              <yield_curve:yield>6.0000000000000000</yield_curve:yield>
              <yield_curve:definition valuation:href="InstrumentAsset2"/>
            </yield_curve:point>
            <yield_curve:point>
              <yield_curve:term>
                <yield_curve:tenor>
                  <common:periodMultiplier>4</common:periodMultiplier>
                  <common:periodEnum>Year</common:periodEnum>
                </yield_curve:tenor>
              </yield_curve:term>
              <yield_curve:yield>6.0000000000000000</yield_curve:yield>
              <yield_curve:definition valuation:href="InstrumentAsset2"/>
            </yield_curve:point>
            <yield_curve:point>
              <yield_curve:term>
                <yield_curve:tenor>
                  <common:periodMultiplier>5</common:periodMultiplier>
                  <common:periodEnum>Year</common:periodEnum>
                </yield_curve:tenor>
              </yield_curve:term>
              <yield_curve:yield>6.0000000000000000</yield_curve:yield>
              <yield_curve:definition valuation:href="InstrumentAsset2"/>
            </yield_curve:point>
            <yield_curve:point>
              <yield_curve:term>
                <yield_curve:tenor>
                  <common:periodMultiplier>6</common:periodMultiplier>
                  <common:periodEnum>Year</common:periodEnum>
                </yield_curve:tenor>
              </yield_curve:term>
              <yield_curve:yield>6.0000000000000000</yield_curve:yield>
              <yield_curve:definition valuation:href="InstrumentAsset2"/>
            </yield_curve:point>
            <yield_curve:point>
              <yield_curve:term>
                <yield_curve:tenor>
                  <common:periodMultiplier>7</common:periodMultiplier>
                  <common:periodEnum>Year</common:periodEnum>
                </yield_curve:tenor>
              </yield_curve:term>
              <yield_curve:yield>6.0000000000000000</yield_curve:yield>
              <yield_curve:definition valuation:href="InstrumentAsset2"/>
            </yield_curve:point>
            <yield_curve:point>
              <yield_curve:term>
                <yield_curve:tenor>
                  <common:periodMultiplier>8</common:periodMultiplier>
                  <common:periodEnum>Year</common:periodEnum>
                </yield_curve:tenor>
              </yield_curve:term>
              <yield_curve:yield>6.0000000000000000</yield_curve:yield>
              <yield_curve:definition valuation:href="InstrumentAsset2"/>
            </yield_curve:point>
            <yield_curve:point>
              <yield_curve:term>
                <yield_curve:tenor>
                  <common:periodMultiplier>9</common:periodMultiplier>
                  <common:periodEnum>Year</common:periodEnum>
                </yield_curve:tenor>
              </yield_curve:term>
              <yield_curve:yield>6.0000000000000000</yield_curve:yield>
              <yield_curve:definition valuation:href="InstrumentAsset2"/>
            </yield_curve:point>
            <yield_curve:point>
              <yield_curve:term>
                <yield_curve:tenor>
                  <common:periodMultiplier>10</common:periodMultiplier>
                  <common:periodEnum>Year</common:periodEnum>
                </yield_curve:tenor>
              </yield_curve:term>
              <yield_curve:yield>6.0000000000000000</yield_curve:yield>
              <yield_curve:definition valuation:href="InstrumentAsset2"/>
            </yield_curve:point>
            <yield_curve:point>
              <yield_curve:term>
                <yield_curve:tenor>
                  <common:periodMultiplier>20</common:periodMultiplier>
                  <common:periodEnum>Year</common:periodEnum>
                </yield_curve:tenor>
              </yield_curve:term>
              <yield_curve:yield>6.0000000000000000</yield_curve:yield>
              <yield_curve:definition valuation:href="InstrumentAsset2"/>
            </yield_curve:point>
            <yield_curve:point>
              <yield_curve:term>
                <yield_curve:date>2036-01-01</yield_curve:date>
              </yield_curve:term>
              <yield_curve:yield>6.0000000000000000</yield_curve:yield>
              <yield_curve:definition valuation:href="InstrumentAsset2"/>
            </yield_curve:point>
          </yield_curve:points>
        </yield_curve:yieldCurve>
      </market_data:yieldCurveValuation>
		</valuation:market>
</exch:import>
