<?xml version="1.0"?>
<!--
	Test purpose : import a correlation
	Expected result : correlation described below shall be inserted in db
-->
<exch:import version="4-2" xmlns:xsi="http://www.w3.org/2001/XMLSchema-instance"
             xmlns:exch="http://sophis.net/sophis/gxml/dataExchange" xmlns:fpml="http://www.fpml.org/2005/FpML-4-2"
             xmlns:dsig="http://www.w3.org/2000/09/xmldsig#" xmlns:common="http://sophis.net/sophis/common"
             xmlns:xsd="http://www.w3.org/2001/XMLSchema" xmlns:party="http://www.sophis.net/party"
             xmlns:trade="http://www.sophis.net/trade" xmlns:instrument="http://www.sophis.net/Instrument"
             xmlns:folio="http://www.sophis.net/folio" xmlns:user="http://www.sophis.net/user"
             xmlns:valuation="http://www.sophis.net/valuation" xmlns:correlation="http://www.sophis.net/correlation"
             xmlns:market_data="http://www.sophis.net/market_data" xmlns:volatility="http://www.sophis.net/volatility"
             xmlns:preferences="http://www.sophis.net/preferences">

	<fpml:header>
		<fpml:messageId messageIdScheme="http://www.sophis.net/gxml/exchange/messageIdScheme/simple">001</fpml:messageId>
		<fpml:sentBy partyIdScheme="http://www.sophis.net/party/partyId/name">BARCLAYS</fpml:sentBy>
		<fpml:sendTo partyIdScheme="http://www.sophis.net/party/partyId/name">SOPHIS</fpml:sendTo>
		<fpml:creationTimestamp>2005-09-19T13:52:00</fpml:creationTimestamp>
	</fpml:header>

		<valuation:market>
	      <valuation:quotedAssetSet>
	        <valuation:instrumentSet>
	          <valuation:fxRateAsset valuation:id="FxRateAsset1">
	            <valuation:quotedCurrencyPair>
	              <instrument:currency1>JPY</instrument:currency1>
	              <instrument:currency2>EUR</instrument:currency2>
	              <instrument:quoteBasis>Currency2PerCurrency1</instrument:quoteBasis>
	            </valuation:quotedCurrencyPair>
	          </valuation:fxRateAsset>
				<valuation:instrumentAsset valuation:id="Instrument1">
					<instrument:instrumentIdentifier>
						<instrument:reference instrument:name="Bloomberg">AC FP Equity</instrument:reference>
					</instrument:instrumentIdentifier>
				</valuation:instrumentAsset>
	        </valuation:instrumentSet>
	      </valuation:quotedAssetSet>
	      <market_data:correlationValuation>
	        <valuation:objectReference valuation:href="Instrument1"/>
	        <market_data:objectReference2 valuation:href="FxRateAsset1"/>
	        <correlation:correlation>
	          <correlation:model>Standard</correlation:model>
	          <correlation:points>
	            <correlation:point>
	              <volatility:maturity>2011-06-18</volatility:maturity>
	              <volatility:type>Absolute</volatility:type>
	              <volatility:shiftValue>0</volatility:shiftValue>
	              <correlation:value>-0.0752688172000000</correlation:value>
	            </correlation:point>
	            <correlation:point>
	              <volatility:maturity>2011-11-24</volatility:maturity>
	              <volatility:type>Absolute</volatility:type>
	              <volatility:shiftValue>0</volatility:shiftValue>
	              <correlation:value>0.0752688172000000</correlation:value>
	            </correlation:point>
	            <correlation:point>
	              <volatility:maturity>2011-03-15</volatility:maturity>
	              <volatility:type>Absolute</volatility:type>
	              <volatility:shiftValue>0</volatility:shiftValue>
	              <correlation:value>0.1182795698900000</correlation:value>
	            </correlation:point>
	            <correlation:point>
	              <volatility:maturity>2012-01-10</volatility:maturity>
	              <volatility:type>Absolute</volatility:type>
	              <volatility:shiftValue>0</volatility:shiftValue>
	              <correlation:value>0.1720430107500000</correlation:value>
	            </correlation:point>
	            <correlation:point>
	              <volatility:maturity>2012-11-07</volatility:maturity>
	              <volatility:type>Absolute</volatility:type>
	              <volatility:shiftValue>0</volatility:shiftValue>
	              <correlation:value>0.0537634408600000</correlation:value>
	            </correlation:point>
	            <correlation:point>
	              <volatility:maturity>2013-04-16</volatility:maturity>
	              <volatility:type>Absolute</volatility:type>
	              <volatility:shiftValue>0</volatility:shiftValue>
	              <correlation:value>-0.0107526881700000</correlation:value>
	            </correlation:point>
	            <correlation:point>
	              <volatility:maturity>2014-02-03</volatility:maturity>
	              <volatility:type>Absolute</volatility:type>
	              <volatility:shiftValue>0</volatility:shiftValue>
	              <correlation:value>0.0537634408600000</correlation:value>
	            </correlation:point>
	            <correlation:point>
	              <volatility:maturity>2015-01-28</volatility:maturity>
	              <volatility:type>Absolute</volatility:type>
	              <volatility:shiftValue>0</volatility:shiftValue>
	              <correlation:value>-0.0000000000000000</correlation:value>
	            </correlation:point>
	            <correlation:point>
	              <volatility:maturity>2016-03-04</volatility:maturity>
	              <volatility:type>Absolute</volatility:type>
	              <volatility:shiftValue>0</volatility:shiftValue>
	              <correlation:value>-0.0107526881700000</correlation:value>
	            </correlation:point>
	            <correlation:point>
	              <volatility:maturity>2016-10-16</volatility:maturity>
	              <volatility:type>Absolute</volatility:type>
	              <volatility:shiftValue>0</volatility:shiftValue>
	              <correlation:value>0.1290322580600000</correlation:value>
	            </correlation:point>
	            <correlation:point>
	              <volatility:maturity>2017-11-13</volatility:maturity>
	              <volatility:type>Absolute</volatility:type>
	              <volatility:shiftValue>0</volatility:shiftValue>
	              <correlation:value>-0.5612903225800000</correlation:value>
	            </correlation:point>
	          </correlation:points>
	        </correlation:correlation>
	      </market_data:correlationValuation>
		</valuation:market>
</exch:import>
