<?xml version="1.0"?>
<!--
	Test purpose : import a dividend
	Expected result : dividend described below shall be inserted in db
-->
<exch:import version="4-2" xmlns:xsi="http://www.w3.org/2001/XMLSchema-instance"
             xmlns:exch="http://sophis.net/sophis/gxml/dataExchange" xmlns:fpml="http://www.fpml.org/2005/FpML-4-2"
             xmlns:dsig="http://www.w3.org/2000/09/xmldsig#" xmlns:common="http://sophis.net/sophis/common"
             xmlns:xsd="http://www.w3.org/2001/XMLSchema" xmlns:party="http://www.sophis.net/party"
             xmlns:trade="http://www.sophis.net/trade" xmlns:instrument="http://www.sophis.net/Instrument"
             xmlns:folio="http://www.sophis.net/folio" xmlns:user="http://www.sophis.net/user"
             xmlns:valuation="http://www.sophis.net/valuation" xmlns:correlation="http://www.sophis.net/correlation"
             xmlns:market_data="http://www.sophis.net/market_data" xmlns:volatility="http://www.sophis.net/volatility"
             xmlns:preferences="http://www.sophis.net/preferences" xmlns:dividend="http://www.sophis.net/dividend">

	<fpml:header>
		<fpml:messageId messageIdScheme="http://www.sophis.net/gxml/exchange/messageIdScheme/simple">001</fpml:messageId>
		<fpml:sentBy partyIdScheme="http://www.sophis.net/party/partyId/name">BARCLAYS</fpml:sentBy>
		<fpml:sendTo partyIdScheme="http://www.sophis.net/party/partyId/name">SOPHIS</fpml:sendTo>
		<fpml:creationTimestamp>2005-09-19T13:52:00</fpml:creationTimestamp>
	</fpml:header>

		<valuation:market>
	      <valuation:quotedAssetSet>
	        <valuation:instrumentSet>
				<valuation:instrumentAsset valuation:id="Instrument1">
					<instrument:instrumentIdentifier>
						<instrument:reference instrument:name="Bloomberg">AC FP Equity</instrument:reference>
					</instrument:instrumentIdentifier>
				</valuation:instrumentAsset>
	        </valuation:instrumentSet>
	      </valuation:quotedAssetSet>
	      <market_data:dividendsValuation>
	        <valuation:objectReference valuation:href="Instrument1"/>
	        <dividend:dividends>
	          <dividend:identifier>
	            <instrument:reference instrument:modifiable="UniquePrioritary" instrument:name="Bloomberg">AC FP Equity</instrument:reference>
	          </dividend:identifier>
	          <dividend:dividendList>
	            <dividend:recordDateWay>Excluded</dividend:recordDateWay>
	           
	            <dividend:dividend>
	              <dividend:dividendValueType>MonetaryUnit</dividend:dividendValueType>
	              <dividend:dividendNatureType>ExceptionalDividend</dividend:dividendNatureType>
	              <dividend:recordDate>2011-06-06</dividend:recordDate>
	              <dividend:settlementDate>2011-06-06</dividend:settlementDate>
	              <dividend:exDividendDate>2011-06-06</dividend:exDividendDate>
	              <dividend:value>0.0500000000000000</dividend:value>
	              <dividend:comment></dividend:comment>
	            </dividend:dividend>
	          </dividend:dividendList>
	        </dividend:dividends>
	      </market_data:dividendsValuation>
		</valuation:market>
</exch:import>
