<?xml version="1.0"?>
<message xmlns:xsi="http://www.w3.org/2001/XMLSchema-instance" xmlns:xsd="http://www.w3.org/2001/XMLSchema"
         xsi:type="ExportMessage" version="4-2" xmlns="http://sophis.net/sophis/gxml/dataExchange" xsi:schemaLocation="http://sophis.net/sophis/gxml/dataExchange file:///d:/cc_data/vbergeret_GXML_v6_int/VOBServices/source/WML/DataExchangeWS/WebContent/WEB-INF/wsdl/dataExchange.xsd">  
<header xmlns="http://www.fpml.org/2005/FpML-4-2">    
<conversationId conversationIdScheme=""/>    
<messageId messageIdScheme="http://www.sophis.net/gxml/exchange/messageIdScheme/simple">000</messageId>    
<creationTimestamp>2010-03-02T14:42:14.7684306+01:00</creationTimestamp>  </header>  

<market d2p1:persistenceType="FindOrCreate" xmlns:d2p1="http://sophis.net/sophis/common" xmlns="http://www.sophis.net/valuation">    
<quotedAssetSet>      
<instrumentSet>        
<underlyingAsset xsi:type="InstrumentAsset" d5p1:id="entity0" xmlns:d5p1="http://www.sophis.net/valuation">          
<instrumentIdentifier xmlns="http://www.sophis.net/Instrument">            
<reference d7p1:name="Ric" d7p1:modifiable="UniqueNotPrioritary" xmlns:d7p1="http://www.sophis.net/Instrument">ACCP.PA</reference>          
</instrumentIdentifier>        
</underlyingAsset>      
</instrumentSet>    
</quotedAssetSet>    

<pricingStructureValuation xmlns:q1="http://www.sophis.net/market_data" xsi:type="q1:CreditRiskDataValuation" d3p1:id="CreditRiskDataValuation0" 
xmlns:d3p1="http://www.sophis.net/valuation">      
<d3p1:objectReference d3p1:href="entity0"/>    
</pricingStructureValuation> 
</market>
</message>