<?xml version="1.0" encoding="UTF-8" standalone="no" ?>
<!--
	Test purpose : Export a yield curve
	Expected result : a ExportMessageAccepted message issued with description of given yiled curve
-->
<ns0:export xmlns:ns0="http://sophis.net/sophis/gxml/dataExchange" version="4-2" xmlns:ns1="http://www.fpml.org/2005/FpML-4-2" xmlns:ns2="http://www.sophis.net/valuation" xmlns:ns3="http://www.sophis.net/market_data" xmlns:ns4="http://www.sophis.net/yieldCurve">

  <ns1:header>
    <ns1:messageId messageIdScheme="http://www.sophis.net/gxml/exchange/messageIdScheme/simple">obruet3_1209575384073_2</ns1:messageId>
    <ns1:inReplyTo messageIdScheme="http://www.sophis.net/gxml/exchange/messageIdScheme/simple">001</ns1:inReplyTo>
    <ns1:sentBy partyIdScheme="http://www.sophis.net/party/partyId/name">OLIVIER</ns1:sentBy>
    <ns1:sendTo partyIdScheme="http://www.sophis.net/party/partyId/name">SOPHIS</ns1:sendTo>
    <ns1:creationTimestamp>2008-04-30T19:12:34+02:00</ns1:creationTimestamp>
  </ns1:header>

  <ns2:market>
    <ns2:quotedAssetSet/>
    <ns2:currencies>
      <ns2:currencyAsset ns2:id="CurrencyAsset1">
        <ns2:currency>EUR</ns2:currency>
      </ns2:currencyAsset>
    </ns2:currencies>
    <ns3:yieldCurveValuation>
      <ns2:objectReference ns2:href="CurrencyAsset1"/>
      <ns3:family>EOD</ns3:family>
      <ns4:yieldCurve>
      	<ns4:name>test_build5</ns4:name>
      </ns4:yieldCurve>
    </ns3:yieldCurveValuation>
  </ns2:market>

</ns0:export>
