<?xml version="1.0"?>
<!--
	Test purpose : Export user preferences
	Expected result : a ExportMessageAccepted message issued with description of preferences
-->
<exch:export version="4-2" xmlns:xsi="http://www.w3.org/2001/XMLSchema-instance"
             xmlns:exch="http://sophis.net/sophis/gxml/dataExchange" xmlns:fpml="http://www.fpml.org/2005/FpML-4-2"
             xmlns:dsig="http://www.w3.org/2000/09/xmldsig#" xmlns:common="http://sophis.net/sophis/common"
             xmlns:xsd="http://www.w3.org/2001/XMLSchema" xmlns:party="http://www.sophis.net/party"
             xmlns:trade="http://www.sophis.net/trade" xmlns:instrument="http://www.sophis.net/Instrument"
             xmlns:folio="http://www.sophis.net/folio" xmlns:user="http://www.sophis.net/user"
             xmlns:valuation="http://www.sophis.net/valuation" xmlns:correlation="http://www.sophis.net/correlation"
             xmlns:market_data="http://www.sophis.net/market_data" xmlns:volatility="http://www.sophis.net/volatility"
             xmlns:preferences="http://www.sophis.net/preferences">

	<fpml:header>
		<fpml:messageId messageIdScheme="http://www.sophis.net/gxml/exchange/messageIdScheme/simple">001</fpml:messageId>
		<fpml:sentBy partyIdScheme="http://www.sophis.net/party/partyId/name">BARCLAYS</fpml:sentBy>
		<fpml:sendTo partyIdScheme="http://www.sophis.net/party/partyId/name">SOPHIS</fpml:sendTo>
		<fpml:creationTimestamp>2005-09-19T13:52:00</fpml:creationTimestamp>
	</fpml:header>

		<valuation:market>
	      <valuation:pricingPreferences />
		</valuation:market>
</exch:export>
