<?xml version="1.0" encoding="UTF-8" standalone="no" ?>
<!--
	Test purpose : Export a dividend
	Expected result : a ExportMessageAccepted message issued with description of given dividend
-->
<ns0:export xmlns:ns0="http://sophis.net/sophis/gxml/dataExchange" version="4-2" xmlns:ns1="http://www.fpml.org/2005/FpML-4-2" xmlns:ns2="http://www.sophis.net/valuation" xmlns:ns3="http://www.sophis.net/market_data" xmlns:sph="http://www.sophis.net/Instrument">

  <ns1:header>
    <ns1:messageId messageIdScheme="http://www.sophis.net/gxml/exchange/messageIdScheme/simple">obruet3_1209484955511_0</ns1:messageId>
    <ns1:inReplyTo messageIdScheme="http://www.sophis.net/gxml/exchange/messageIdScheme/simple">001</ns1:inReplyTo>
    <ns1:sentBy partyIdScheme="http://www.sophis.net/party/partyId/name">OLIVIER</ns1:sentBy>
    <ns1:sendTo partyIdScheme="http://www.sophis.net/party/partyId/name">SOPHIS</ns1:sendTo>
    <ns1:creationTimestamp>2008-04-29T18:02:35+02:00</ns1:creationTimestamp>
  </ns1:header>

  <ns2:market>
    <ns2:quotedAssetSet>
      <ns2:instrumentSet>
        <ns2:instrumentAsset ns2:id="InstrumentAsset1">
          <sph:instrumentIdentifier>
            <sph:reference sph:modifiable="UniquePrioritary" sph:name="Reference">ACCP.PA</sph:reference>
          </sph:instrumentIdentifier>
        </ns2:instrumentAsset>
      </ns2:instrumentSet>
    </ns2:quotedAssetSet>
    <ns3:dividendsValuation>
      <ns2:objectReference ns2:href="InstrumentAsset1"/>
    </ns3:dividendsValuation>
  </ns2:market>

</ns0:export>
