<?xml version="1.0" encoding="UTF-8" standalone="no" ?>
<!--
	Test purpose : import user preferences
	Expected result : preferences described below shall be inserted in db at the termination of Server
-->
<ns0:import xmlns:ns0="http://sophis.net/sophis/gxml/dataExchange" version="4-2" xmlns:ns1="http://www.fpml.org/2005/FpML-4-2" xmlns:ns2="http://www.sophis.net/valuation" xmlns:ns3="http://www.sophis.net/preferences">

  <ns1:header>
    <ns1:messageId messageIdScheme="http://www.sophis.net/gxml/exchange/messageIdScheme/simple">obruet3_1209547350011_2</ns1:messageId>
    <ns1:inReplyTo messageIdScheme="http://www.sophis.net/gxml/exchange/messageIdScheme/simple">001</ns1:inReplyTo>
    <ns1:sentBy partyIdScheme="http://www.sophis.net/party/partyId/name">OLIVIER</ns1:sentBy>
    <ns1:sendTo partyIdScheme="http://www.sophis.net/party/partyId/name">SOPHIS</ns1:sendTo>
    <ns1:creationTimestamp>2008-04-30T11:24:23+02:00</ns1:creationTimestamp>
  </ns1:header>

  <ns2:market>
    <ns2:pricingPreferences>
      <ns3:preferences>
        <ns3:preference>
          <ns3:name>ACCOUNTING_LAG</ns3:name>
          <ns3:preferenceValue>
            <ns3:valueShort>0</ns3:valueShort>
          </ns3:preferenceValue>
        </ns3:preference>
        <ns3:preference>
          <ns3:name>ACCOUNTING_VALUE</ns3:name>
          <ns3:preferenceValue>
            <ns3:valueShort>0</ns3:valueShort>
          </ns3:preferenceValue>
        </ns3:preference>
        <ns3:preference>
          <ns3:name>ACCRUED_IN_INCOME</ns3:name>
          <ns3:preferenceValue>
            <ns3:valueShort>0</ns3:valueShort>
          </ns3:preferenceValue>
        </ns3:preference>
        <ns3:preference>
          <ns3:name>ACCR_COUPON_ON_TRADE_DATE</ns3:name>
          <ns3:preferenceValue>
            <ns3:valueShort>0</ns3:valueShort>
          </ns3:preferenceValue>
        </ns3:preference>
        <ns3:preference>
          <ns3:name>ACCUR_DELTA_ACCURACY</ns3:name>
          <ns3:preferenceValue>
            <ns3:valueShort>1</ns3:valueShort>
          </ns3:preferenceValue>
        </ns3:preference>
        <ns3:preference>
          <ns3:name>ACCUR_DELTA_MODEL</ns3:name>
          <ns3:preferenceValue>
            <ns3:valueShort>1</ns3:valueShort>
          </ns3:preferenceValue>
        </ns3:preference>
        <ns3:preference>
          <ns3:name>ACCUR_DELTA_VARIATION</ns3:name>
          <ns3:preferenceValue>
            <ns3:valueShort>100</ns3:valueShort>
          </ns3:preferenceValue>
        </ns3:preference>
        <ns3:preference>
          <ns3:name>ACCUR_RHO_ACCURACY</ns3:name>
          <ns3:preferenceValue>
            <ns3:valueShort>1</ns3:valueShort>
          </ns3:preferenceValue>
        </ns3:preference>
        <ns3:preference>
          <ns3:name>ACCUR_RHO_MODEL</ns3:name>
          <ns3:preferenceValue>
            <ns3:valueShort>1</ns3:valueShort>
          </ns3:preferenceValue>
        </ns3:preference>
        <ns3:preference>
          <ns3:name>ACCUR_RHO_VARIATION</ns3:name>
          <ns3:preferenceValue>
            <ns3:valueShort>10</ns3:valueShort>
          </ns3:preferenceValue>
        </ns3:preference>
        <ns3:preference>
          <ns3:name>ACCUR_VEGA_ACCURACY</ns3:name>
          <ns3:preferenceValue>
            <ns3:valueShort>1</ns3:valueShort>
          </ns3:preferenceValue>
        </ns3:preference>
        <ns3:preference>
          <ns3:name>ACCUR_VEGA_MODEL</ns3:name>
          <ns3:preferenceValue>
            <ns3:valueShort>1</ns3:valueShort>
          </ns3:preferenceValue>
        </ns3:preference>
        <ns3:preference>
          <ns3:name>ACCUR_VEGA_VARIATION</ns3:name>
          <ns3:preferenceValue>
            <ns3:valueShort>100</ns3:valueShort>
          </ns3:preferenceValue>
        </ns3:preference>
        <ns3:preference>
          <ns3:name>ANALYTICAL_CREDIT_OPTIM</ns3:name>
          <ns3:preferenceValue>
            <ns3:valueShort>0</ns3:valueShort>
          </ns3:preferenceValue>
        </ns3:preference>
        <ns3:preference>
          <ns3:name>ARBITRAGE_NO_FINANCING</ns3:name>
          <ns3:preferenceValue>
            <ns3:valueShort>0</ns3:valueShort>
          </ns3:preferenceValue>
        </ns3:preference>
        <ns3:preference>
          <ns3:name>ASSET_VALUE_CALC_CAT</ns3:name>
          <ns3:preferenceValue>
            <ns3:valueLong>0</ns3:valueLong>
          </ns3:preferenceValue>
        </ns3:preference>
        <ns3:preference>
          <ns3:name>ATM_VOL_FOR_CONV_BOND</ns3:name>
          <ns3:preferenceValue>
            <ns3:valueShort>0</ns3:valueShort>
          </ns3:preferenceValue>
        </ns3:preference>
        <ns3:preference>
          <ns3:name>AUTOMATIC_COMPUTING</ns3:name>
          <ns3:preferenceValue>
            <ns3:valueShort>2</ns3:valueShort>
          </ns3:preferenceValue>
        </ns3:preference>
        <ns3:preference>
          <ns3:name>BACK_OFFICE_CPTY_FEES</ns3:name>
          <ns3:preferenceValue>
            <ns3:valueLong>0</ns3:valueLong>
          </ns3:preferenceValue>
        </ns3:preference>
        <ns3:preference>
          <ns3:name>BACK_OFFICE_PORTF_DEALS</ns3:name>
          <ns3:preferenceValue>
            <ns3:valueLong>2173</ns3:valueLong>
          </ns3:preferenceValue>
        </ns3:preference>
        <ns3:preference>
          <ns3:name>BACK_OFFICE_STATUS_COUNTER</ns3:name>
          <ns3:preferenceValue>
            <ns3:valueLong>0</ns3:valueLong>
          </ns3:preferenceValue>
        </ns3:preference>
        <ns3:preference>
          <ns3:name>BACK_OFFICE_USE_SETTLE_DATES</ns3:name>
          <ns3:preferenceValue>
            <ns3:valueLong>0</ns3:valueLong>
          </ns3:preferenceValue>
        </ns3:preference>
        <ns3:preference>
          <ns3:name>BALANCE</ns3:name>
          <ns3:preferenceValue>
            <ns3:valueShort>90</ns3:valueShort>
          </ns3:preferenceValue>
        </ns3:preference>
        <ns3:preference>
          <ns3:name>BASKETS_AUTO_COMPUTING</ns3:name>
          <ns3:preferenceValue>
            <ns3:valueShort>0</ns3:valueShort>
          </ns3:preferenceValue>
        </ns3:preference>
        <ns3:preference>
          <ns3:name>BIG_ICONS_BY_DEFAULT</ns3:name>
          <ns3:preferenceValue>
            <ns3:valueShort>1</ns3:valueShort>
          </ns3:preferenceValue>
        </ns3:preference>
        <ns3:preference>
          <ns3:name>BROKER_FEES</ns3:name>
          <ns3:preferenceValue>
            <ns3:valueShort>1</ns3:valueShort>
          </ns3:preferenceValue>
        </ns3:preference>
        <ns3:preference>
          <ns3:name>BUMP_MARKET_PLOTS</ns3:name>
          <ns3:preferenceValue>
            <ns3:valueShort>0</ns3:valueShort>
          </ns3:preferenceValue>
        </ns3:preference>
        <ns3:preference>
          <ns3:name>BUNDLE_DELTA_GAMMA</ns3:name>
          <ns3:preferenceValue>
            <ns3:valueShort>0</ns3:valueShort>
          </ns3:preferenceValue>
        </ns3:preference>
        <ns3:preference>
          <ns3:name>BUNDLE_VEGA</ns3:name>
          <ns3:preferenceValue>
            <ns3:valueShort>0</ns3:valueShort>
          </ns3:preferenceValue>
        </ns3:preference>
        <ns3:preference>
          <ns3:name>CFAP_DELTA_DELTATYPE</ns3:name>
          <ns3:preferenceValue>
            <ns3:valueShort>1</ns3:valueShort>
          </ns3:preferenceValue>
        </ns3:preference>
        <ns3:preference>
          <ns3:name>CFAP_DELTA_UNIT</ns3:name>
          <ns3:preferenceValue>
            <ns3:valueLong>1</ns3:valueLong>
          </ns3:preferenceValue>
        </ns3:preference>
        <ns3:preference>
          <ns3:name>CFAP_DELTA_WEIGHT</ns3:name>
          <ns3:preferenceValue>
            <ns3:valueShort>0</ns3:valueShort>
          </ns3:preferenceValue>
        </ns3:preference>
        <ns3:preference>
          <ns3:name>CFAP_GAMMA_CROSSED</ns3:name>
          <ns3:preferenceValue>
            <ns3:valueShort>1</ns3:valueShort>
          </ns3:preferenceValue>
        </ns3:preference>
        <ns3:preference>
          <ns3:name>CFAP_GAMMA_DELTATYPE</ns3:name>
          <ns3:preferenceValue>
            <ns3:valueShort>1</ns3:valueShort>
          </ns3:preferenceValue>
        </ns3:preference>
        <ns3:preference>
          <ns3:name>CFAP_GAMMA_UNIT</ns3:name>
          <ns3:preferenceValue>
            <ns3:valueLong>1</ns3:valueLong>
          </ns3:preferenceValue>
        </ns3:preference>
        <ns3:preference>
          <ns3:name>CFAP_GAMMA_WEIGHT</ns3:name>
          <ns3:preferenceValue>
            <ns3:valueShort>0</ns3:valueShort>
          </ns3:preferenceValue>
        </ns3:preference>
        <ns3:preference>
          <ns3:name>CFAP_ROLL_DELTATYPE</ns3:name>
          <ns3:preferenceValue>
            <ns3:valueShort>1</ns3:valueShort>
          </ns3:preferenceValue>
        </ns3:preference>
        <ns3:preference>
          <ns3:name>CFAP_ROLL_DISPLAYMODE</ns3:name>
          <ns3:preferenceValue>
            <ns3:valueShort>0</ns3:valueShort>
          </ns3:preferenceValue>
        </ns3:preference>
        <ns3:preference>
          <ns3:name>CFAP_ROLL_NBDAYS</ns3:name>
          <ns3:preferenceValue>
            <ns3:valueShort>1</ns3:valueShort>
          </ns3:preferenceValue>
        </ns3:preference>
        <ns3:preference>
          <ns3:name>CFAP_ROLL_STARTDATE</ns3:name>
          <ns3:preferenceValue>
            <ns3:valueLong>0</ns3:valueLong>
          </ns3:preferenceValue>
        </ns3:preference>
        <ns3:preference>
          <ns3:name>CFAP_VEGA_DELTATYPE</ns3:name>
          <ns3:preferenceValue>
            <ns3:valueShort>1</ns3:valueShort>
          </ns3:preferenceValue>
        </ns3:preference>
        <ns3:preference>
          <ns3:name>CFAP_VEGA_UNIT</ns3:name>
          <ns3:preferenceValue>
            <ns3:valueLong>1</ns3:valueLong>
          </ns3:preferenceValue>
        </ns3:preference>
        <ns3:preference>
          <ns3:name>CFAP_VEGA_WEIGHT</ns3:name>
          <ns3:preferenceValue>
            <ns3:valueShort>0</ns3:valueShort>
          </ns3:preferenceValue>
        </ns3:preference>
        <ns3:preference>
          <ns3:name>COLOR_ALERT</ns3:name>
          <ns3:preferenceValue>
            <ns3:valueColor>
              <ns3:red>65535</ns3:red>
              <ns3:green>0</ns3:green>
              <ns3:blue>0</ns3:blue>
            </ns3:valueColor>
          </ns3:preferenceValue>
        </ns3:preference>
        <ns3:preference>
          <ns3:name>COLOR_AXIS</ns3:name>
          <ns3:preferenceValue>
            <ns3:valueColor>
              <ns3:red>0</ns3:red>
              <ns3:green>0</ns3:green>
              <ns3:blue>0</ns3:blue>
            </ns3:valueColor>
          </ns3:preferenceValue>
        </ns3:preference>
        <ns3:preference>
          <ns3:name>COLOR_BACK</ns3:name>
          <ns3:preferenceValue>
            <ns3:valueColor>
              <ns3:red>65535</ns3:red>
              <ns3:green>65535</ns3:green>
              <ns3:blue>65535</ns3:blue>
            </ns3:valueColor>
          </ns3:preferenceValue>
        </ns3:preference>
        <ns3:preference>
          <ns3:name>COLOR_CURVE</ns3:name>
          <ns3:preferenceValue>
            <ns3:valueColor>
              <ns3:red>0</ns3:red>
              <ns3:green>0</ns3:green>
              <ns3:blue>65535</ns3:blue>
            </ns3:valueColor>
          </ns3:preferenceValue>
        </ns3:preference>
        <ns3:preference>
          <ns3:name>COLOR_DEMAND</ns3:name>
          <ns3:preferenceValue>
            <ns3:valueColor>
              <ns3:red>0</ns3:red>
              <ns3:green>21845</ns3:green>
              <ns3:blue>0</ns3:blue>
            </ns3:valueColor>
          </ns3:preferenceValue>
        </ns3:preference>
        <ns3:preference>
          <ns3:name>COLOR_LAST</ns3:name>
          <ns3:preferenceValue>
            <ns3:valueColor>
              <ns3:red>0</ns3:red>
              <ns3:green>0</ns3:green>
              <ns3:blue>65535</ns3:blue>
            </ns3:valueColor>
          </ns3:preferenceValue>
        </ns3:preference>
        <ns3:preference>
          <ns3:name>COLOR_OFFER</ns3:name>
          <ns3:preferenceValue>
            <ns3:valueColor>
              <ns3:red>65535</ns3:red>
              <ns3:green>0</ns3:green>
              <ns3:blue>0</ns3:blue>
            </ns3:valueColor>
          </ns3:preferenceValue>
        </ns3:preference>
        <ns3:preference>
          <ns3:name>COLOR_VARIATION</ns3:name>
          <ns3:preferenceValue>
            <ns3:valueColor>
              <ns3:red>0</ns3:red>
              <ns3:green>0</ns3:green>
              <ns3:blue>0</ns3:blue>
            </ns3:valueColor>
          </ns3:preferenceValue>
        </ns3:preference>
        <ns3:preference>
          <ns3:name>COMPUTE_FREQUENCY</ns3:name>
          <ns3:preferenceValue>
            <ns3:valueShort>0</ns3:valueShort>
          </ns3:preferenceValue>
        </ns3:preference>
        <ns3:preference>
          <ns3:name>CONT_RHO_BASE_MODEL</ns3:name>
          <ns3:preferenceValue>
            <ns3:valueShort>2</ns3:valueShort>
          </ns3:preferenceValue>
        </ns3:preference>
        <ns3:preference>
          <ns3:name>CONT_RHO_CALC_MODEL</ns3:name>
          <ns3:preferenceValue>
            <ns3:valueShort>1</ns3:valueShort>
          </ns3:preferenceValue>
        </ns3:preference>
        <ns3:preference>
          <ns3:name>CONV_BONDS_CREDIT_RISK</ns3:name>
          <ns3:preferenceValue>
            <ns3:valueShort>6</ns3:valueShort>
          </ns3:preferenceValue>
        </ns3:preference>
        <ns3:preference>
          <ns3:name>COUNTERPARTY_FEES</ns3:name>
          <ns3:preferenceValue>
            <ns3:valueShort>0</ns3:valueShort>
          </ns3:preferenceValue>
        </ns3:preference>
        <ns3:preference>
          <ns3:name>COUPON_LAG</ns3:name>
          <ns3:preferenceValue>
            <ns3:valueShort>0</ns3:valueShort>
          </ns3:preferenceValue>
        </ns3:preference>
        <ns3:preference>
          <ns3:name>COX_MODEL_PARAMETERS</ns3:name>
          <ns3:preferenceValue>
            <ns3:valueShort>2</ns3:valueShort>
          </ns3:preferenceValue>
        </ns3:preference>
        <ns3:preference>
          <ns3:name>CR_BUMP_FOR_ZC</ns3:name>
          <ns3:preferenceValue>
            <ns3:valueShort>1</ns3:valueShort>
          </ns3:preferenceValue>
        </ns3:preference>
        <ns3:preference>
          <ns3:name>CR_MULTIPLICATIVE_BUMP</ns3:name>
          <ns3:preferenceValue>
            <ns3:valueShort>0</ns3:valueShort>
          </ns3:preferenceValue>
        </ns3:preference>
        <ns3:preference>
          <ns3:name>CR_QUOTATION_GRID</ns3:name>
          <ns3:preferenceValue>
            <ns3:valueStr></ns3:valueStr>
          </ns3:preferenceValue>
        </ns3:preference>
        <ns3:preference>
          <ns3:name>CR_VARIATION_CREDIT_RISK</ns3:name>
          <ns3:preferenceValue>
            <ns3:valueDouble>0.0100000000000000</ns3:valueDouble>
          </ns3:preferenceValue>
        </ns3:preference>
        <ns3:preference>
          <ns3:name>CR_VARIATION_REC_RATE</ns3:name>
          <ns3:preferenceValue>
            <ns3:valueDouble>0.0100000000000000</ns3:valueDouble>
          </ns3:preferenceValue>
        </ns3:preference>
        <ns3:preference>
          <ns3:name>CTRL_LIABILITIES_CONSOLIDATION</ns3:name>
          <ns3:preferenceValue>
            <ns3:valueShort>1</ns3:valueShort>
          </ns3:preferenceValue>
        </ns3:preference>
        <ns3:preference>
          <ns3:name>DAYS_FOR_ALERT</ns3:name>
          <ns3:preferenceValue>
            <ns3:valueShort>20</ns3:valueShort>
          </ns3:preferenceValue>
        </ns3:preference>
        <ns3:preference>
          <ns3:name>DEFAULT_CURRENCY</ns3:name>
          <ns3:preferenceValue>
            <ns3:valueLong>54875474</ns3:valueLong>
          </ns3:preferenceValue>
        </ns3:preference>
        <ns3:preference>
          <ns3:name>DEFAULT_MESURE_UNIT</ns3:name>
          <ns3:preferenceValue>
            <ns3:valueShort>0</ns3:valueShort>
          </ns3:preferenceValue>
        </ns3:preference>
        <ns3:preference>
          <ns3:name>DELAY_BEFORE_PASSWORD</ns3:name>
          <ns3:preferenceValue>
            <ns3:valueShort>120</ns3:valueShort>
          </ns3:preferenceValue>
        </ns3:preference>
        <ns3:preference>
          <ns3:name>DELTA_ADJUSTMENT_IN_DELTA</ns3:name>
          <ns3:preferenceValue>
            <ns3:valueShort>0</ns3:valueShort>
          </ns3:preferenceValue>
        </ns3:preference>
        <ns3:preference>
          <ns3:name>DELTA_AND_GAMMA_SMILE</ns3:name>
          <ns3:preferenceValue>
            <ns3:valueShort>0</ns3:valueShort>
          </ns3:preferenceValue>
        </ns3:preference>
        <ns3:preference>
          <ns3:name>DELTA_CASH_IN_FOLIO</ns3:name>
          <ns3:preferenceValue>
            <ns3:valueShort>1</ns3:valueShort>
          </ns3:preferenceValue>
        </ns3:preference>
        <ns3:preference>
          <ns3:name>DELTA_COMMO</ns3:name>
          <ns3:preferenceValue>
            <ns3:valueLong>0</ns3:valueLong>
          </ns3:preferenceValue>
        </ns3:preference>
        <ns3:preference>
          <ns3:name>DELTA_IN_LOT</ns3:name>
          <ns3:preferenceValue>
            <ns3:valueShort>0</ns3:valueShort>
          </ns3:preferenceValue>
        </ns3:preference>
        <ns3:preference>
          <ns3:name>DELTA_QUANTITY_RM</ns3:name>
          <ns3:preferenceValue>
            <ns3:valueShort>0</ns3:valueShort>
          </ns3:preferenceValue>
        </ns3:preference>
        <ns3:preference>
          <ns3:name>DISCOUNT_DELTA</ns3:name>
          <ns3:preferenceValue>
            <ns3:valueShort>1</ns3:valueShort>
          </ns3:preferenceValue>
        </ns3:preference>
        <ns3:preference>
          <ns3:name>DISCOUNT_RISK</ns3:name>
          <ns3:preferenceValue>
            <ns3:valueShort>1</ns3:valueShort>
          </ns3:preferenceValue>
        </ns3:preference>
        <ns3:preference>
          <ns3:name>DIVIDEND_IN_AVG_PRICE</ns3:name>
          <ns3:preferenceValue>
            <ns3:valueShort>0</ns3:valueShort>
          </ns3:preferenceValue>
        </ns3:preference>
        <ns3:preference>
          <ns3:name>DO_NOT_LOAD_ALL_PORTFOLIOS</ns3:name>
          <ns3:preferenceValue>
            <ns3:valueShort>1</ns3:valueShort>
          </ns3:preferenceValue>
        </ns3:preference>
        <ns3:preference>
          <ns3:name>EMPTY_FOLIOS_NO_DISPLAY</ns3:name>
          <ns3:preferenceValue>
            <ns3:valueShort>0</ns3:valueShort>
          </ns3:preferenceValue>
        </ns3:preference>
        <ns3:preference>
          <ns3:name>FORWARD_ATM_VOLATILITY</ns3:name>
          <ns3:preferenceValue>
            <ns3:valueShort>0</ns3:valueShort>
          </ns3:preferenceValue>
        </ns3:preference>
        <ns3:preference>
          <ns3:name>FORWARD_VOLAT</ns3:name>
          <ns3:preferenceValue>
            <ns3:valueShort>1</ns3:valueShort>
          </ns3:preferenceValue>
        </ns3:preference>
        <ns3:preference>
          <ns3:name>FX_DELTA_IN_PERCENT.</ns3:name>
          <ns3:preferenceValue>
            <ns3:valueShort>0</ns3:valueShort>
          </ns3:preferenceValue>
        </ns3:preference>
        <ns3:preference>
          <ns3:name>GAMMA_IN_PERCENT.</ns3:name>
          <ns3:preferenceValue>
            <ns3:valueShort>0</ns3:valueShort>
          </ns3:preferenceValue>
        </ns3:preference>
        <ns3:preference>
          <ns3:name>IGNORE_SWAPUNDRATEFIXING</ns3:name>
          <ns3:preferenceValue>
            <ns3:valueShort>0</ns3:valueShort>
          </ns3:preferenceValue>
        </ns3:preference>
        <ns3:preference>
          <ns3:name>IMC_CTGRY_MARKET</ns3:name>
          <ns3:preferenceValue>
            <ns3:valueLong>2290</ns3:valueLong>
          </ns3:preferenceValue>
        </ns3:preference>
        <ns3:preference>
          <ns3:name>IMC_CTGRY_OPTION_PRICER</ns3:name>
          <ns3:preferenceValue>
            <ns3:valueLong>2294</ns3:valueLong>
          </ns3:preferenceValue>
        </ns3:preference>
        <ns3:preference>
          <ns3:name>INTELLIGENT_MENU</ns3:name>
          <ns3:preferenceValue>
            <ns3:valueShort>0</ns3:valueShort>
          </ns3:preferenceValue>
        </ns3:preference>
        <ns3:preference>
          <ns3:name>LAST_BUNDLE</ns3:name>
          <ns3:preferenceValue>
            <ns3:valueShort>0</ns3:valueShort>
          </ns3:preferenceValue>
        </ns3:preference>
        <ns3:preference>
          <ns3:name>LENDING_BORROWING_REDISC</ns3:name>
          <ns3:preferenceValue>
            <ns3:valueShort>0</ns3:valueShort>
          </ns3:preferenceValue>
        </ns3:preference>
        <ns3:preference>
          <ns3:name>LIMITS_CALC_DATE_TYPE</ns3:name>
          <ns3:preferenceValue>
            <ns3:valueShort>1</ns3:valueShort>
          </ns3:preferenceValue>
        </ns3:preference>
        <ns3:preference>
          <ns3:name>LIMITS_CALC_USE_CMAGUI_DATES</ns3:name>
          <ns3:preferenceValue>
            <ns3:valueShort>0</ns3:valueShort>
          </ns3:preferenceValue>
        </ns3:preference>
        <ns3:preference>
          <ns3:name>LME_CARD_DATE</ns3:name>
          <ns3:preferenceValue>
            <ns3:valueLong>0</ns3:valueLong>
          </ns3:preferenceValue>
        </ns3:preference>
        <ns3:preference>
          <ns3:name>MARKET_BUNDLE</ns3:name>
          <ns3:preferenceValue>
            <ns3:valueShort>0</ns3:valueShort>
          </ns3:preferenceValue>
        </ns3:preference>
        <ns3:preference>
          <ns3:name>MARKET_FEES</ns3:name>
          <ns3:preferenceValue>
            <ns3:valueShort>1</ns3:valueShort>
          </ns3:preferenceValue>
        </ns3:preference>
        <ns3:preference>
          <ns3:name>MARK_PNL_RULE_SET</ns3:name>
          <ns3:preferenceValue>
            <ns3:valueLong>0</ns3:valueLong>
          </ns3:preferenceValue>
        </ns3:preference>
        <ns3:preference>
          <ns3:name>MVT_CREATION_IN_SAME_LINE</ns3:name>
          <ns3:preferenceValue>
            <ns3:valueStr>Always in same line</ns3:valueStr>
          </ns3:preferenceValue>
        </ns3:preference>
        <ns3:preference>
          <ns3:name>NO_BASKET_SPLIT</ns3:name>
          <ns3:preferenceValue>
            <ns3:valueShort>0</ns3:valueShort>
          </ns3:preferenceValue>
        </ns3:preference>
        <ns3:preference>
          <ns3:name>NO_FIXED_VOLATILITY</ns3:name>
          <ns3:preferenceValue>
            <ns3:valueShort>1</ns3:valueShort>
          </ns3:preferenceValue>
        </ns3:preference>
        <ns3:preference>
          <ns3:name>NO_IMPLIED_SPOT</ns3:name>
          <ns3:preferenceValue>
            <ns3:valueShort>0</ns3:valueShort>
          </ns3:preferenceValue>
        </ns3:preference>
        <ns3:preference>
          <ns3:name>NO_MARGIN_CALL</ns3:name>
          <ns3:preferenceValue>
            <ns3:valueShort>0</ns3:valueShort>
          </ns3:preferenceValue>
        </ns3:preference>
        <ns3:preference>
          <ns3:name>N_O_DISP_DECIMAL_DELTA</ns3:name>
          <ns3:preferenceValue>
            <ns3:valueShort>4</ns3:valueShort>
          </ns3:preferenceValue>
        </ns3:preference>
        <ns3:preference>
          <ns3:name>N_O_DISP_DECIMAL_GAMMA</ns3:name>
          <ns3:preferenceValue>
            <ns3:valueShort>4</ns3:valueShort>
          </ns3:preferenceValue>
        </ns3:preference>
        <ns3:preference>
          <ns3:name>N_O_DISP_DECIMAL_O_GREEKS</ns3:name>
          <ns3:preferenceValue>
            <ns3:valueShort>4</ns3:valueShort>
          </ns3:preferenceValue>
        </ns3:preference>
        <ns3:preference>
          <ns3:name>N_O_DISP_DECIMAL_PRICE</ns3:name>
          <ns3:preferenceValue>
            <ns3:valueShort>4</ns3:valueShort>
          </ns3:preferenceValue>
        </ns3:preference>
        <ns3:preference>
          <ns3:name>N_O_DISP_DECIMAL_THEO</ns3:name>
          <ns3:preferenceValue>
            <ns3:valueShort>4</ns3:valueShort>
          </ns3:preferenceValue>
        </ns3:preference>
        <ns3:preference>
          <ns3:name>OPTIM_CODE_IMPROVEMENTS</ns3:name>
          <ns3:preferenceValue>
            <ns3:valueShort>0</ns3:valueShort>
          </ns3:preferenceValue>
        </ns3:preference>
        <ns3:preference>
          <ns3:name>OPTIM_FOREX_VOLATILITIES</ns3:name>
          <ns3:preferenceValue>
            <ns3:valueShort>0</ns3:valueShort>
          </ns3:preferenceValue>
        </ns3:preference>
        <ns3:preference>
          <ns3:name>OPTIM_FORWARD_PRICES</ns3:name>
          <ns3:preferenceValue>
            <ns3:valueShort>0</ns3:valueShort>
          </ns3:preferenceValue>
        </ns3:preference>
        <ns3:preference>
          <ns3:name>OPTIM_LINEAR_VALUES</ns3:name>
          <ns3:preferenceValue>
            <ns3:valueShort>0</ns3:valueShort>
          </ns3:preferenceValue>
        </ns3:preference>
        <ns3:preference>
          <ns3:name>OPTIM_NO_CREDIT_CROSSED_GAMMA_COMPUT</ns3:name>
          <ns3:preferenceValue>
            <ns3:valueShort>0</ns3:valueShort>
          </ns3:preferenceValue>
        </ns3:preference>
        <ns3:preference>
          <ns3:name>OPTIM_NO_CREDIT_RISK_COMPUT</ns3:name>
          <ns3:preferenceValue>
            <ns3:valueShort>0</ns3:valueShort>
          </ns3:preferenceValue>
        </ns3:preference>
        <ns3:preference>
          <ns3:name>OPTIM_NO_CROSSED_GAMMA_COMPUT</ns3:name>
          <ns3:preferenceValue>
            <ns3:valueShort>0</ns3:valueShort>
          </ns3:preferenceValue>
        </ns3:preference>
        <ns3:preference>
          <ns3:name>OPTIM_NO_CROSSED_VEGA_COMPUT</ns3:name>
          <ns3:preferenceValue>
            <ns3:valueShort>0</ns3:valueShort>
          </ns3:preferenceValue>
        </ns3:preference>
        <ns3:preference>
          <ns3:name>OPTIM_NO_EPSILON_COMPUT</ns3:name>
          <ns3:preferenceValue>
            <ns3:valueShort>0</ns3:valueShort>
          </ns3:preferenceValue>
        </ns3:preference>
        <ns3:preference>
          <ns3:name>OPTIM_NO_FIXED_INCOME_COMPUT</ns3:name>
          <ns3:preferenceValue>
            <ns3:valueShort>0</ns3:valueShort>
          </ns3:preferenceValue>
        </ns3:preference>
        <ns3:preference>
          <ns3:name>OPTIM_OPTIMISERS</ns3:name>
          <ns3:preferenceValue>
            <ns3:valueShort>0</ns3:valueShort>
          </ns3:preferenceValue>
        </ns3:preference>
        <ns3:preference>
          <ns3:name>OPTIM_REPO_MARGINS</ns3:name>
          <ns3:preferenceValue>
            <ns3:valueShort>0</ns3:valueShort>
          </ns3:preferenceValue>
        </ns3:preference>
        <ns3:preference>
          <ns3:name>OPTIM_SETTLEMENT_DATES</ns3:name>
          <ns3:preferenceValue>
            <ns3:valueShort>0</ns3:valueShort>
          </ns3:preferenceValue>
        </ns3:preference>
        <ns3:preference>
          <ns3:name>OPTIM_TAX_CREDIT_TYPE</ns3:name>
          <ns3:preferenceValue>
            <ns3:valueShort>0</ns3:valueShort>
          </ns3:preferenceValue>
        </ns3:preference>
        <ns3:preference>
          <ns3:name>OPTIM_VOLATILITIES</ns3:name>
          <ns3:preferenceValue>
            <ns3:valueShort>0</ns3:valueShort>
          </ns3:preferenceValue>
        </ns3:preference>
        <ns3:preference>
          <ns3:name>OPTION_EXERCISED_AT_AVG_PRICE</ns3:name>
          <ns3:preferenceValue>
            <ns3:valueShort>0</ns3:valueShort>
          </ns3:preferenceValue>
        </ns3:preference>
        <ns3:preference>
          <ns3:name>PARAM_VAR_CONFIDENCE</ns3:name>
          <ns3:preferenceValue>
            <ns3:valueDouble>95.0000000000000000</ns3:valueDouble>
          </ns3:preferenceValue>
        </ns3:preference>
        <ns3:preference>
          <ns3:name>PARAM_VAR_TIME_COUNT</ns3:name>
          <ns3:preferenceValue>
            <ns3:valueLong>1</ns3:valueLong>
          </ns3:preferenceValue>
        </ns3:preference>
        <ns3:preference>
          <ns3:name>PERIOD_LINK_MINUTES</ns3:name>
          <ns3:preferenceValue>
            <ns3:valueShort>10</ns3:valueShort>
          </ns3:preferenceValue>
        </ns3:preference>
        <ns3:preference>
          <ns3:name>PNL_ANALYSIS_SITE</ns3:name>
          <ns3:preferenceValue>
            <ns3:valueShort>1</ns3:valueShort>
          </ns3:preferenceValue>
        </ns3:preference>
        <ns3:preference>
          <ns3:name>PNL_RATHER_THAN_NAV_IN_PORTFOLIO</ns3:name>
          <ns3:preferenceValue>
            <ns3:valueShort>1</ns3:valueShort>
          </ns3:preferenceValue>
        </ns3:preference>
        <ns3:preference>
          <ns3:name>PRICE_BONDS_TO_1st_CALL</ns3:name>
          <ns3:preferenceValue>
            <ns3:valueShort>0</ns3:valueShort>
          </ns3:preferenceValue>
        </ns3:preference>
        <ns3:preference>
          <ns3:name>PRICE_TO_1ST_BEARER_PUT</ns3:name>
          <ns3:preferenceValue>
            <ns3:valueShort>0</ns3:valueShort>
          </ns3:preferenceValue>
        </ns3:preference>
        <ns3:preference>
          <ns3:name>PnL_IN_MONETARY_UNIT</ns3:name>
          <ns3:preferenceValue>
            <ns3:valueShort>1</ns3:valueShort>
          </ns3:preferenceValue>
        </ns3:preference>
        <ns3:preference>
          <ns3:name>QUADRATIC_AVERAGE</ns3:name>
          <ns3:preferenceValue>
            <ns3:valueShort>0</ns3:valueShort>
          </ns3:preferenceValue>
        </ns3:preference>
        <ns3:preference>
          <ns3:name>RATE_RISK_ACCORDING_TO</ns3:name>
          <ns3:preferenceValue>
            <ns3:valueShort>3</ns3:valueShort>
          </ns3:preferenceValue>
        </ns3:preference>
        <ns3:preference>
          <ns3:name>RATE_RISK_FOR</ns3:name>
          <ns3:preferenceValue>
            <ns3:valueDouble>10.0000000000000000</ns3:valueDouble>
          </ns3:preferenceValue>
        </ns3:preference>
        <ns3:preference>
          <ns3:name>RELOAD_WS_ON_FOLIO_CALC</ns3:name>
          <ns3:preferenceValue>
            <ns3:valueShort>1</ns3:valueShort>
          </ns3:preferenceValue>
        </ns3:preference>
        <ns3:preference>
          <ns3:name>RELOAD_WS_ON_INSTR_CALC</ns3:name>
          <ns3:preferenceValue>
            <ns3:valueShort>1</ns3:valueShort>
          </ns3:preferenceValue>
        </ns3:preference>
        <ns3:preference>
          <ns3:name>RESULT_BY_UNDERLYING</ns3:name>
          <ns3:preferenceValue>
            <ns3:valueShort>1</ns3:valueShort>
          </ns3:preferenceValue>
        </ns3:preference>
        <ns3:preference>
          <ns3:name>RESULT_IN_ARBITRAGE_VALUE</ns3:name>
          <ns3:preferenceValue>
            <ns3:valueShort>0</ns3:valueShort>
          </ns3:preferenceValue>
        </ns3:preference>
        <ns3:preference>
          <ns3:name>RESULT_IN_THEO_VALUE</ns3:name>
          <ns3:preferenceValue>
            <ns3:valueShort>1</ns3:valueShort>
          </ns3:preferenceValue>
        </ns3:preference>
        <ns3:preference>
          <ns3:name>RESULT_IN_T_V_NO_FUTURES</ns3:name>
          <ns3:preferenceValue>
            <ns3:valueShort>0</ns3:valueShort>
          </ns3:preferenceValue>
        </ns3:preference>
        <ns3:preference>
          <ns3:name>RESULT_THETA_PORTFOLIO</ns3:name>
          <ns3:preferenceValue>
            <ns3:valueShort>1</ns3:valueShort>
          </ns3:preferenceValue>
        </ns3:preference>
        <ns3:preference>
          <ns3:name>RESULT_WITHOUT_FINANCING</ns3:name>
          <ns3:preferenceValue>
            <ns3:valueShort>1</ns3:valueShort>
          </ns3:preferenceValue>
        </ns3:preference>
        <ns3:preference>
          <ns3:name>RESULT_WITHOUT_FOREX_FINANCING</ns3:name>
          <ns3:preferenceValue>
            <ns3:valueShort>1</ns3:valueShort>
          </ns3:preferenceValue>
        </ns3:preference>
        <ns3:preference>
          <ns3:name>RESULT_WITHOUT_FUND</ns3:name>
          <ns3:preferenceValue>
            <ns3:valueShort>0</ns3:valueShort>
          </ns3:preferenceValue>
        </ns3:preference>
        <ns3:preference>
          <ns3:name>RHO_UNIT</ns3:name>
          <ns3:preferenceValue>
            <ns3:valueDouble>1.0000000000000000</ns3:valueDouble>
          </ns3:preferenceValue>
        </ns3:preference>
        <ns3:preference>
          <ns3:name>RISK_RESET</ns3:name>
          <ns3:preferenceValue>
            <ns3:valueStr>Rho</ns3:valueStr>
          </ns3:preferenceValue>
        </ns3:preference>
        <ns3:preference>
          <ns3:name>RISK_RHO</ns3:name>
          <ns3:preferenceValue>
            <ns3:valueStr>Reset</ns3:valueStr>
          </ns3:preferenceValue>
        </ns3:preference>
        <ns3:preference>
          <ns3:name>RISK_VOL</ns3:name>
          <ns3:preferenceValue>
            <ns3:valueStr>Vega</ns3:valueStr>
          </ns3:preferenceValue>
        </ns3:preference>
        <ns3:preference>
          <ns3:name>RISK_VOLAT_FOR_RHO</ns3:name>
          <ns3:preferenceValue>
            <ns3:valueShort>0</ns3:valueShort>
          </ns3:preferenceValue>
        </ns3:preference>
        <ns3:preference>
          <ns3:name>RISK_VOLAT_VEGA_MATURITY</ns3:name>
          <ns3:preferenceValue>
            <ns3:valueShort>0</ns3:valueShort>
          </ns3:preferenceValue>
        </ns3:preference>
        <ns3:preference>
          <ns3:name>ROLLING_GRID</ns3:name>
          <ns3:preferenceValue>
            <ns3:valueShort>0</ns3:valueShort>
          </ns3:preferenceValue>
        </ns3:preference>
        <ns3:preference>
          <ns3:name>SCREEN_OUTPUT</ns3:name>
          <ns3:preferenceValue>
            <ns3:valueShort>1</ns3:valueShort>
          </ns3:preferenceValue>
        </ns3:preference>
        <ns3:preference>
          <ns3:name>SHAPE_VARIATION</ns3:name>
          <ns3:preferenceValue>
            <ns3:valueShort>1</ns3:valueShort>
          </ns3:preferenceValue>
        </ns3:preference>
        <ns3:preference>
          <ns3:name>SHAPE_VARIATION_CREDIT</ns3:name>
          <ns3:preferenceValue>
            <ns3:valueShort>0</ns3:valueShort>
          </ns3:preferenceValue>
        </ns3:preference>
        <ns3:preference>
          <ns3:name>SHOW_IMPLIED_SPOT</ns3:name>
          <ns3:preferenceValue>
            <ns3:valueShort>1</ns3:valueShort>
          </ns3:preferenceValue>
        </ns3:preference>
        <ns3:preference>
          <ns3:name>STOCK_LOAN_CREDIT_RISK_CURVE</ns3:name>
          <ns3:preferenceValue>
            <ns3:valueShort>1</ns3:valueShort>
          </ns3:preferenceValue>
        </ns3:preference>
        <ns3:preference>
          <ns3:name>STOCK_LOAN_REP_CURVE</ns3:name>
          <ns3:preferenceValue>
            <ns3:valueShort>1</ns3:valueShort>
          </ns3:preferenceValue>
        </ns3:preference>
        <ns3:preference>
          <ns3:name>THETA_DATE</ns3:name>
          <ns3:preferenceValue>
            <ns3:valueShort>4</ns3:valueShort>
          </ns3:preferenceValue>
        </ns3:preference>
        <ns3:preference>
          <ns3:name>THETA_DATE_CURRENCY</ns3:name>
          <ns3:preferenceValue>
            <ns3:valueLong>55001680</ns3:valueLong>
          </ns3:preferenceValue>
        </ns3:preference>
        <ns3:preference>
          <ns3:name>THETA_INCLUDE_COUPON</ns3:name>
          <ns3:preferenceValue>
            <ns3:valueShort>0</ns3:valueShort>
          </ns3:preferenceValue>
        </ns3:preference>
        <ns3:preference>
          <ns3:name>THETA_INCLUDE_DIVIDEND</ns3:name>
          <ns3:preferenceValue>
            <ns3:valueShort>1</ns3:valueShort>
          </ns3:preferenceValue>
        </ns3:preference>
        <ns3:preference>
          <ns3:name>THETA_INCLUDE_TREASURY</ns3:name>
          <ns3:preferenceValue>
            <ns3:valueShort>0</ns3:valueShort>
          </ns3:preferenceValue>
        </ns3:preference>
        <ns3:preference>
          <ns3:name>THETA_MODE_RATE</ns3:name>
          <ns3:preferenceValue>
            <ns3:valueShort>4</ns3:valueShort>
          </ns3:preferenceValue>
        </ns3:preference>
        <ns3:preference>
          <ns3:name>THETA_MODE_REPO</ns3:name>
          <ns3:preferenceValue>
            <ns3:valueShort>4</ns3:valueShort>
          </ns3:preferenceValue>
        </ns3:preference>
        <ns3:preference>
          <ns3:name>THETA_MODE_SPOT</ns3:name>
          <ns3:preferenceValue>
            <ns3:valueShort>1</ns3:valueShort>
          </ns3:preferenceValue>
        </ns3:preference>
        <ns3:preference>
          <ns3:name>THETA_MODE_VALATILITY</ns3:name>
          <ns3:preferenceValue>
            <ns3:valueShort>4</ns3:valueShort>
          </ns3:preferenceValue>
        </ns3:preference>
        <ns3:preference>
          <ns3:name>THETA_PnL_ATTRIBUTION</ns3:name>
          <ns3:preferenceValue>
            <ns3:valueShort>0</ns3:valueShort>
          </ns3:preferenceValue>
        </ns3:preference>
        <ns3:preference>
          <ns3:name>THETA_RISK_MATRIX</ns3:name>
          <ns3:preferenceValue>
            <ns3:valueShort>0</ns3:valueShort>
          </ns3:preferenceValue>
        </ns3:preference>
        <ns3:preference>
          <ns3:name>THIRD_PARTY_FILTER</ns3:name>
          <ns3:preferenceValue>
            <ns3:valueShort>2</ns3:valueShort>
          </ns3:preferenceValue>
        </ns3:preference>
        <ns3:preference>
          <ns3:name>UNDERLYING_DELTA</ns3:name>
          <ns3:preferenceValue>
            <ns3:valueShort>0</ns3:valueShort>
          </ns3:preferenceValue>
        </ns3:preference>
        <ns3:preference>
          <ns3:name>USECALCSERV</ns3:name>
          <ns3:preferenceValue>
            <ns3:valueShort>1</ns3:valueShort>
          </ns3:preferenceValue>
        </ns3:preference>
        <ns3:preference>
          <ns3:name>USE_PRECALCULATIONS</ns3:name>
          <ns3:preferenceValue>
            <ns3:valueShort>0</ns3:valueShort>
          </ns3:preferenceValue>
        </ns3:preference>
        <ns3:preference>
          <ns3:name>VALIDATION_MOVE</ns3:name>
          <ns3:preferenceValue>
            <ns3:valueShort>0</ns3:valueShort>
          </ns3:preferenceValue>
        </ns3:preference>
        <ns3:preference>
          <ns3:name>VARIATION_SHAPE_FOR_EVAL_VEGA</ns3:name>
          <ns3:preferenceValue>
            <ns3:valueShort>1</ns3:valueShort>
          </ns3:preferenceValue>
        </ns3:preference>
        <ns3:preference>
          <ns3:name>VOLAT_CASH</ns3:name>
          <ns3:preferenceValue>
            <ns3:valueShort>0</ns3:valueShort>
          </ns3:preferenceValue>
        </ns3:preference>
        <ns3:preference>
          <ns3:name>VOL_BASIS</ns3:name>
          <ns3:preferenceValue>
            <ns3:valueShort>3</ns3:valueShort>
          </ns3:preferenceValue>
        </ns3:preference>
        <ns3:preference>
          <ns3:name>VOL_CURVE_ASK</ns3:name>
          <ns3:preferenceValue>
            <ns3:valueShort>1</ns3:valueShort>
          </ns3:preferenceValue>
        </ns3:preference>
        <ns3:preference>
          <ns3:name>VOL_CURVE_BID</ns3:name>
          <ns3:preferenceValue>
            <ns3:valueShort>1</ns3:valueShort>
          </ns3:preferenceValue>
        </ns3:preference>
        <ns3:preference>
          <ns3:name>VOL_CURVE_PnL</ns3:name>
          <ns3:preferenceValue>
            <ns3:valueShort>1</ns3:valueShort>
          </ns3:preferenceValue>
        </ns3:preference>
        <ns3:preference>
          <ns3:name>VOL_CURVE_PnL_LISTED</ns3:name>
          <ns3:preferenceValue>
            <ns3:valueShort>1</ns3:valueShort>
          </ns3:preferenceValue>
        </ns3:preference>
        <ns3:preference>
          <ns3:name>VOL_CURVE_RELAT_VOLAT</ns3:name>
          <ns3:preferenceValue>
            <ns3:valueShort>1</ns3:valueShort>
          </ns3:preferenceValue>
        </ns3:preference>
        <ns3:preference>
          <ns3:name>VOL_CURVE_RISK</ns3:name>
          <ns3:preferenceValue>
            <ns3:valueShort>1</ns3:valueShort>
          </ns3:preferenceValue>
        </ns3:preference>
        <ns3:preference>
          <ns3:name>VOL_CURVE_RISK_LISTED</ns3:name>
          <ns3:preferenceValue>
            <ns3:valueShort>1</ns3:valueShort>
          </ns3:preferenceValue>
        </ns3:preference>
        <ns3:preference>
          <ns3:name>VOL_CURVE_SMILE_IN_PCNT</ns3:name>
          <ns3:preferenceValue>
            <ns3:valueShort>1</ns3:valueShort>
          </ns3:preferenceValue>
        </ns3:preference>
        <ns3:preference>
          <ns3:name>WEIGHT_DELTA</ns3:name>
          <ns3:preferenceValue>
            <ns3:valueShort>0</ns3:valueShort>
          </ns3:preferenceValue>
        </ns3:preference>
        <ns3:preference>
          <ns3:name>WEIGHT_GAMMA</ns3:name>
          <ns3:preferenceValue>
            <ns3:valueShort>0</ns3:valueShort>
          </ns3:preferenceValue>
        </ns3:preference>
        <ns3:preference>
          <ns3:name>WEIGHT_VEGA</ns3:name>
          <ns3:preferenceValue>
            <ns3:valueShort>0</ns3:valueShort>
          </ns3:preferenceValue>
        </ns3:preference>
        <ns3:preference>
          <ns3:name>WITHOUT_EXTRAPOLATION</ns3:name>
          <ns3:preferenceValue>
            <ns3:valueShort>0</ns3:valueShort>
          </ns3:preferenceValue>
        </ns3:preference>
        <ns3:preference>
          <ns3:name>ZERO_COUPON_BASE_MODEL</ns3:name>
          <ns3:preferenceValue>
            <ns3:valueShort>2</ns3:valueShort>
          </ns3:preferenceValue>
        </ns3:preference>
        <ns3:preference>
          <ns3:name>ZERO_COUPON_CALC_MODEL</ns3:name>
          <ns3:preferenceValue>
            <ns3:valueShort>1</ns3:valueShort>
          </ns3:preferenceValue>
        </ns3:preference>
        <ns3:preference>
          <ns3:name>ZERO_COUPON_USE_CURVE_DATE</ns3:name>
          <ns3:preferenceValue>
            <ns3:valueShort>0</ns3:valueShort>
          </ns3:preferenceValue>
        </ns3:preference>
      </ns3:preferences>
    </ns2:pricingPreferences>
  </ns2:market>

</ns0:import>
