<?xml version="1.0" encoding="utf-8"?>
  <ns0:message xmlns:ns0="http://sophis.net/sophis/gxml/dataExchange" version="4-2" xmlns:ns1="http://www.fpml.org/2005/FpML-4-2" xmlns:ns2="http://www.sophis.net/valuation" xmlns:ns3="http://www.sophis.net/Instrument" xmlns:ns4="http://www.sophis.net/market_data" xmlns:ns5="http://www.sophis.net/CreditRisk" xmlns:ns6="http://sophis.net/sophis/common" xmlns:xsi="http://www.w3.org/2001/XMLSchema-instance" xsi:type="ns0:ImportMessage">

  <ns1:header>
    <ns1:conversationId conversationIdScheme=""></ns1:conversationId>
    <ns1:messageId messageIdScheme="http://www.sophis.net/gxml/exchange/messageIdScheme/simple">vbergeret_1269965382237_0</ns1:messageId>
    <ns1:inReplyTo messageIdScheme="http://www.sophis.net/gxml/exchange/messageIdScheme/simple">000</ns1:inReplyTo>
    <ns1:sentBy partyIdScheme="http://www.sophis.net/party/partyId/name">SOPHIS</ns1:sentBy>
    <ns1:creationTimestamp>2010-03-30T18:09:42+02:00</ns1:creationTimestamp>
  </ns1:header>

  <ns2:market>
    <ns2:quotedAssetSet>
      <ns2:instrumentSet>
        <ns2:instrumentAsset ns2:id="InstrumentAsset1">
          <ns3:instrumentIdentifier>
            <ns3:reference ns3:modifiable="UniqueNotPrioritary" ns3:name="Ric">ACX SM Equity</ns3:reference>
          </ns3:instrumentIdentifier>
        </ns2:instrumentAsset>
      </ns2:instrumentSet>
    </ns2:quotedAssetSet>
    <ns4:creditRiskDataValuation>
      <ns2:objectReference ns2:href="InstrumentAsset1"/>
      <ns5:creditData>
        <ns5:issuer>
          <ns3:reference ns3:modifiable="UniqueNotPrioritary" ns3:name="Ric">ACX SM Equity</ns3:reference>
        </ns5:issuer>
        <ns5:upfrontInCleanPrice>true</ns5:upfrontInCleanPrice>
        <ns5:tableOfRecoveryRates>
          <ns5:row>
            <ns5:seniority>
              <ns3:sophis>41</ns3:sophis>
            </ns5:seniority>
            <ns5:defaultEvent>
              <ns3:sophis>221</ns3:sophis>
            </ns5:defaultEvent>
            <ns5:recoveryRate>0.24</ns5:recoveryRate>
          </ns5:row> 
        </ns5:tableOfRecoveryRates>
        <ns5:tableOfCDSMarketPlots>
          <ns5:curvesByCurrency>
            <ns5:currency>EUR</ns5:currency>
            <ns5:curveDefinition>
              <ns5:seniority>
                <ns3:sophis>41</ns3:sophis>
              </ns5:seniority>
              <ns5:defaultEvent>
                <ns3:sophis>101</ns3:sophis>
              </ns5:defaultEvent>
              <ns5:marketPlot>
                <ns5:rate>0.024000000000</ns5:rate>
                <ns5:maturity>
                  <ns6:relativeDate>
                    <ns6:periodMultiplier>4</ns6:periodMultiplier>
                    <ns6:periodEnum>Year</ns6:periodEnum>
					<ns6:dayType>Business</ns6:dayType>
                    <ns6:businessDayConvention>NONE</ns6:businessDayConvention>
                  </ns6:relativeDate>
                </ns5:maturity>
              </ns5:marketPlot>
              <ns5:marketPlot>
                <ns5:rate>0.026128500000</ns5:rate>
                <ns5:maturity>
                  <ns6:relativeDate>
                    <ns6:periodMultiplier>5</ns6:periodMultiplier>
                    <ns6:periodEnum>Year</ns6:periodEnum>
					<ns6:dayType>Business</ns6:dayType>
                    <ns6:businessDayConvention>NONE</ns6:businessDayConvention>
                  </ns6:relativeDate>
                </ns5:maturity>
              </ns5:marketPlot>
              <ns5:marketPlot>
                <ns5:rate>0.025000000000</ns5:rate>
                <ns5:maturity>
                  <ns6:relativeDate>
                    <ns6:periodMultiplier>6</ns6:periodMultiplier>
                    <ns6:periodEnum>Year</ns6:periodEnum>
					
					<ns6:dayType>Business</ns6:dayType>
                    <ns6:businessDayConvention>NONE</ns6:businessDayConvention>
                  </ns6:relativeDate>
                </ns5:maturity>
              </ns5:marketPlot>
              <ns5:marketPlot>
                <ns5:rate>0.030000000000</ns5:rate>
                <ns5:maturity>
                  <ns6:relativeDate>
                    <ns6:periodMultiplier>8</ns6:periodMultiplier>
                    <ns6:periodEnum>Year</ns6:periodEnum>
					<ns6:dayType>Business</ns6:dayType>
                    <ns6:businessDayConvention>NONE</ns6:businessDayConvention>
                  </ns6:relativeDate>
                </ns5:maturity>
              </ns5:marketPlot>
              <ns5:marketPlot>
                <ns5:rate>0.025000000000</ns5:rate>
                <ns5:maturity>
                  <ns6:relativeDate>
                    <ns6:periodMultiplier>7</ns6:periodMultiplier>
                    <ns6:periodEnum>Year</ns6:periodEnum>
					<ns6:dayType>Business</ns6:dayType>
                    <ns6:businessDayConvention>NONE</ns6:businessDayConvention>
                  </ns6:relativeDate>
                </ns5:maturity>
              </ns5:marketPlot>
            </ns5:curveDefinition>
          </ns5:curvesByCurrency>
          <ns5:curvesByCurrency>
            <ns5:currency>USD</ns5:currency>
            <ns5:curveDefinition>
              <ns5:seniority>
                <ns3:sophis>41</ns3:sophis>
              </ns5:seniority>
              <ns5:defaultEvent>
                <ns3:sophis>101</ns3:sophis>
              </ns5:defaultEvent>
              <ns5:marketPlot>
                <ns5:rate>0.065000000000</ns5:rate>
                <ns5:maturity>
                  <ns6:relativeDate>
                    <ns6:periodMultiplier>7</ns6:periodMultiplier>
                    <ns6:periodEnum>Year</ns6:periodEnum>
					<ns6:dayType>Business</ns6:dayType>
                    <ns6:businessDayConvention>NONE</ns6:businessDayConvention>
                  </ns6:relativeDate>
                </ns5:maturity>
              </ns5:marketPlot>
            </ns5:curveDefinition>
          </ns5:curvesByCurrency>
        </ns5:tableOfCDSMarketPlots>
      </ns5:creditData>
    </ns4:creditRiskDataValuation>
  </ns2:market>

</ns0:message>