<?xml version="1.0"?>
<!--
	Test purpose : import a volatility
	Expected result : volatility described below shall be inserted in db
-->
<exch:import version="4-2" xmlns:xsi="http://www.w3.org/2001/XMLSchema-instance"
             xmlns:exch="http://sophis.net/sophis/gxml/dataExchange" xmlns:fpml="http://www.fpml.org/2005/FpML-4-2"
             xmlns:dsig="http://www.w3.org/2000/09/xmldsig#" xmlns:common="http://sophis.net/sophis/common"
             xmlns:xsd="http://www.w3.org/2001/XMLSchema" xmlns:party="http://www.sophis.net/party"
             xmlns:trade="http://www.sophis.net/trade" xmlns:instrument="http://www.sophis.net/Instrument"
             xmlns:folio="http://www.sophis.net/folio" xmlns:user="http://www.sophis.net/user"
             xmlns:valuation="http://www.sophis.net/valuation" xmlns:correlation="http://www.sophis.net/correlation"
             xmlns:market_data="http://www.sophis.net/market_data" xmlns:volatility="http://www.sophis.net/volatility"
             xmlns:preferences="http://www.sophis.net/preferences">

	<fpml:header>
		<fpml:messageId messageIdScheme="http://www.sophis.net/gxml/exchange/messageIdScheme/simple">001</fpml:messageId>
		<fpml:sentBy partyIdScheme="http://www.sophis.net/party/partyId/name">BARCLAYS</fpml:sentBy>
		<fpml:sendTo partyIdScheme="http://www.sophis.net/party/partyId/name">SOPHIS</fpml:sendTo>
		<fpml:creationTimestamp>2005-09-19T13:52:00</fpml:creationTimestamp>
	</fpml:header>

		<valuation:market common:persistenceType="Universal">
	      <valuation:quotedAssetSet>
	        <valuation:instrumentSet>
	          <valuation:instrumentAsset valuation:id="InstrumentAsset3313">
	            <instrument:instrumentIdentifier>
	              <instrument:reference instrument:modifiable="UniquePrioritary" instrument:name="Reference">LIUSD6MD=</instrument:reference>
	            </instrument:instrumentIdentifier>
	          </valuation:instrumentAsset>
	        </valuation:instrumentSet>
	      </valuation:quotedAssetSet>
	      <market_data:volatilityValuation>
	        <valuation:objectReference valuation:href="InstrumentAsset3313"/>
	        <volatility:volatilityData>
			  <volatility:identifier>
			    <instrument:reference instrument:modifiable="UniquePrioritary" instrument:name="Reference">LIUSD6MD=</instrument:reference>
			  </volatility:identifier>
			
			  <volatility:calculationParameters>
			    <volatility:strikeInPercentSpotPrice/>
			    <volatility:model></volatility:model>
			  </volatility:calculationParameters>
			
			  <volatility:volatilitySurface volatility:haveSpecificSmiles="false" volatility:surface="CallResult">
			    <volatility:model>SameAsBasis</volatility:model>
			    <volatility:volatilityPoint>
			      <volatility:date>
			        <common:adjustableDate>
			          <common:unadjustedDate>2008-07-07</common:unadjustedDate>
			          <common:dateAdjustments>
			            <common:businessDayConvention>NONE</common:businessDayConvention>
			          </common:dateAdjustments>
			        </common:adjustableDate>
			      </volatility:date>
			      <volatility:atTheMoney>15.3744493392070480</volatility:atTheMoney>
			    </volatility:volatilityPoint>
			    <volatility:volatilityPoint>
			      <volatility:date>
			        <common:adjustableDate>
			          <common:unadjustedDate>2009-05-08</common:unadjustedDate>
			          <common:dateAdjustments>
			            <common:businessDayConvention>NONE</common:businessDayConvention>
			          </common:dateAdjustments>
			        </common:adjustableDate>
			      </volatility:date>
			      <volatility:atTheMoney>11.8722466960352420</volatility:atTheMoney>
			    </volatility:volatilityPoint>
			    <volatility:volatilityPoint>
			      <volatility:date>
			        <common:adjustableDate>
			          <common:unadjustedDate>2010-04-01</common:unadjustedDate>
			          <common:dateAdjustments>
			            <common:businessDayConvention>NONE</common:businessDayConvention>
			          </common:dateAdjustments>
			        </common:adjustableDate>
			      </volatility:date>
			      <volatility:atTheMoney>12.4889867841409700</volatility:atTheMoney>
			    </volatility:volatilityPoint>
			    <volatility:volatilityPoint>
			      <volatility:date>
			        <common:adjustableDate>
			          <common:unadjustedDate>2011-04-09</common:unadjustedDate>
			          <common:dateAdjustments>
			            <common:businessDayConvention>NONE</common:businessDayConvention>
			          </common:dateAdjustments>
			        </common:adjustableDate>
			      </volatility:date>
			      <volatility:atTheMoney>22.6651982378854640</volatility:atTheMoney>
			    </volatility:volatilityPoint>
			    <volatility:volatilityPoint>
			      <volatility:date>
			        <common:adjustableDate>
			          <common:unadjustedDate>2012-11-17</common:unadjustedDate>
			          <common:dateAdjustments>
			            <common:businessDayConvention>NONE</common:businessDayConvention>
			          </common:dateAdjustments>
			        </common:adjustableDate>
			      </volatility:date>
			      <volatility:atTheMoney>12.0484581497797370</volatility:atTheMoney>
			    </volatility:volatilityPoint>
			    <volatility:volatilityPoint>
			      <volatility:date>
			        <common:adjustableDate>
			          <common:unadjustedDate>2013-08-26</common:unadjustedDate>
			          <common:dateAdjustments>
			            <common:businessDayConvention>NONE</common:businessDayConvention>
			          </common:dateAdjustments>
			        </common:adjustableDate>
			      </volatility:date>
			      <volatility:atTheMoney>12.3127753303964770</volatility:atTheMoney>
			    </volatility:volatilityPoint>
			    <volatility:volatilityPoint>
			      <volatility:date>
			        <common:adjustableDate>
			          <common:unadjustedDate>2014-06-27</common:unadjustedDate>
			          <common:dateAdjustments>
			            <common:businessDayConvention>NONE</common:businessDayConvention>
			          </common:dateAdjustments>
			        </common:adjustableDate>
			      </volatility:date>
			      <volatility:atTheMoney>12.3127753303964770</volatility:atTheMoney>
			    </volatility:volatilityPoint>
			    <volatility:volatilityPoint>
			      <volatility:date>
			        <common:adjustableDate>
			          <common:unadjustedDate>2016-08-15</common:unadjustedDate>
			          <common:dateAdjustments>
			            <common:businessDayConvention>NONE</common:businessDayConvention>
			          </common:dateAdjustments>
			        </common:adjustableDate>
			      </volatility:date>
			      <volatility:atTheMoney>11.6960352422907480</volatility:atTheMoney>
			    </volatility:volatilityPoint>
			    <volatility:volatilityPoint>
			      <volatility:date>
			        <common:adjustableDate>
			          <common:unadjustedDate>2017-05-24</common:unadjustedDate>
			          <common:dateAdjustments>
			            <common:businessDayConvention>NONE</common:businessDayConvention>
			          </common:dateAdjustments>
			        </common:adjustableDate>
			      </volatility:date>
			      <volatility:atTheMoney>12.2246696035242280</volatility:atTheMoney>
			    </volatility:volatilityPoint>
			  </volatility:volatilitySurface>
	        </volatility:volatilityData>
	      </market_data:volatilityValuation>
		</valuation:market>
</exch:import>
