<?xml version="1.0"?>
<exch:import version="4-2" xmlns:xsi="http://www.w3.org/2001/XMLSchema-instance" xmlns:exch="http://sophis.net/sophis/gxml/dataExchange" xmlns:fpml="http://www.fpml.org/2005/FpML-4-2" xmlns:dsig="http://www.w3.org/2000/09/xmldsig#" xmlns:common="http://sophis.net/sophis/common" xmlns:xsd="http://www.w3.org/2001/XMLSchema" xmlns:party="http://www.sophis.net/party" xmlns:trade="http://www.sophis.net/trade" xmlns:instrument="http://www.sophis.net/Instrument" xmlns:sph="http://www.sophis.net/Instrument" xmlns:folio="http://www.sophis.net/folio" xmlns:user="http://www.sophis.net/user" exch:batchType="AllRegardlessOfErrors">
  <fpml:header>
    <fpml:conversationId conversationIdScheme="" />
    <fpml:messageId messageIdScheme="http://www.sophis.net/gxml/exchange/messageIdScheme/simple">001</fpml:messageId>
    <fpml:sentBy partyIdScheme="http://www.sophis.net/party/partyId/name">CLIENT</fpml:sentBy>
    <fpml:sendTo partyIdScheme="http://www.sophis.net/party/partyId/name">SOPHIS</fpml:sendTo>
    <fpml:creationTimestamp>2005-09-19T13:52:00</fpml:creationTimestamp>
  </fpml:header>
  <sph:swap sph:id="inst_1" common:persistenceType="UpdateOrCreate">
    <sph:identifier>
      <sph:reference sph:modifiable="UniquePrioritary" sph:name="Ticker">IRS_DAM</sph:reference>
    </sph:identifier>
    <sph:name>IRS 6MIBEUR 4.720 19990520 20120521</sph:name>
    <sph:currency>EUR</sph:currency>
    <sph:pointValue>
      <sph:quotationType>InPercentage</sph:quotationType>
    </sph:pointValue>
    <sph:notional>
      <sph:currency>EUR</sph:currency>
      <sph:amount>12000000.0000</sph:amount>
    </sph:notional>
    <sph:pricing>
      <sph:nature>S</sph:nature>
      <sph:model>Standard</sph:model>
    </sph:pricing>
    <sph:notionalExchange>NoExchange</sph:notionalExchange>
    <sph:receivingLeg>
      <sph:swapStream>
        <sph:calculationPeriodDates>
          <sph:effectiveDate>
            <common:adjustableDate>
              <common:unadjustedDate>1999-05-20</common:unadjustedDate>
              <common:dateAdjustments>
                <common:businessDayConvention>NONE</common:businessDayConvention>
              </common:dateAdjustments>
            </common:adjustableDate>
          </sph:effectiveDate>
          <sph:terminationDate>
            <common:adjustableDate>
              <common:unadjustedDate>2012-05-21</common:unadjustedDate>
              <common:dateAdjustments>
                <common:businessDayConvention>NONE</common:businessDayConvention>
              </common:dateAdjustments>
            </common:adjustableDate>
          </sph:terminationDate>
          <sph:calculationPeriodDatesAdjustments>
            <sph:businessDayConvention>MODFOLLOWING</sph:businessDayConvention>
            <sph:adjustmentMethod>Yes</sph:adjustmentMethod>
          </sph:calculationPeriodDatesAdjustments>
          <sph:stubPeriodType>ShortInitial</sph:stubPeriodType>
          <sph:stubPeriodTypeAlt>ShortFinal</sph:stubPeriodTypeAlt>
          <sph:calculationPeriodFrequency>
            <sph:periodMultiplier>6</sph:periodMultiplier>
            <sph:periodEnum>Month</sph:periodEnum>
            <sph:rollConvention>NONE</sph:rollConvention>
          </sph:calculationPeriodFrequency>
        </sph:calculationPeriodDates>
        <sph:paymentDates>
          <sph:paymentFrequency>
            <sph:periodMultiplier>6</sph:periodMultiplier>
            <sph:periodEnum>Month</sph:periodEnum>
          </sph:paymentFrequency>
          <sph:payRelativeTo>CalculationPeriodEndDate</sph:payRelativeTo>
          <sph:paymentDaysOffset>
            <sph:periodMultiplier>2</sph:periodMultiplier>
            <sph:periodEnum>Day</sph:periodEnum>
            <sph:dayType>Business</sph:dayType>
          </sph:paymentDaysOffset>
          <sph:paymentDatesAdjustments>MODFOLLOWING</sph:paymentDatesAdjustments>
        </sph:paymentDates>
        <sph:resetDates>
          <sph:resetFrequency>
            <sph:periodMultiplier>6</sph:periodMultiplier>
            <sph:periodEnum>Month</sph:periodEnum>
          </sph:resetFrequency>
          <sph:resetDatesAdjustments>MODFOLLOWING</sph:resetDatesAdjustments>
        </sph:resetDates>
        <sph:calculationPeriodAmount>
          <sph:calculation>
            <sph:notionalSchedule>
              <sph:notionalStepSchedule>
                <sph:initialValue>12000000.0000</sph:initialValue>
                <sph:currency>EUR</sph:currency>
              </sph:notionalStepSchedule>
            </sph:notionalSchedule>
            <sph:floatingRateCalculation>
              <sph:identifier>
                <sph:reference sph:modifiable="UniquePrioritary" sph:name="Ticker">EUR6MD</sph:reference>
              </sph:identifier>
              <sph:floatingRateIndex />
            </sph:floatingRateCalculation>
            <sph:dayCountFraction>Actual/360</sph:dayCountFraction>
          </sph:calculation>
        </sph:calculationPeriodAmount>
        <sph:floatingFlowsList>
          <sph:floatingFlow>
            <sph:startDate>1999-05-20</sph:startDate>
            <sph:endDate>1999-11-22</sph:endDate>
            <sph:settlementDate>
              <common:adjustableDate>
                <common:unadjustedDate>1999-11-22</common:unadjustedDate>
                <common:dateAdjustments>
                  <common:businessDayConvention>NONE</common:businessDayConvention>
                </common:dateAdjustments>
              </common:adjustableDate>
            </sph:settlementDate>
            <sph:percentage>1</sph:percentage>
            <sph:fixingDate>1999-05-18</sph:fixingDate>
            <sph:valueStartDate>1999-05-20</sph:valueStartDate>
            <sph:valueEndDate>1999-11-22</sph:valueEndDate>
            <sph:spread>0.0</sph:spread>
            <sph:fixingRateValue>0.02592000</sph:fixingRateValue>
            <sph:fixingRateValue2>0.0</sph:fixingRateValue2>
            <sph:minimum>-10000000.0</sph:minimum>
            <sph:maximum>-10000000.0</sph:maximum>
            <sph:volatility>0.0000000000000000</sph:volatility>
            <sph:notionalRate>-10000000.0000000000000000</sph:notionalRate>
            <sph:broken>false</sph:broken>
          </sph:floatingFlow>
          <sph:floatingFlow>
            <sph:startDate>1999-11-22</sph:startDate>
            <sph:endDate>2000-05-22</sph:endDate>
            <sph:settlementDate>
              <common:adjustableDate>
                <common:unadjustedDate>2000-05-22</common:unadjustedDate>
                <common:dateAdjustments>
                  <common:businessDayConvention>NONE</common:businessDayConvention>
                </common:dateAdjustments>
              </common:adjustableDate>
            </sph:settlementDate>
            <sph:percentage>1</sph:percentage>
            <sph:fixingDate>1999-11-18</sph:fixingDate>
            <sph:valueStartDate>1999-11-22</sph:valueStartDate>
            <sph:valueEndDate>2000-05-22</sph:valueEndDate>
            <sph:spread>0.0</sph:spread>
            <sph:fixingRateValue>0.03454000</sph:fixingRateValue>
            <sph:fixingRateValue2>0.0</sph:fixingRateValue2>
            <sph:minimum>-10000000.0</sph:minimum>
            <sph:maximum>-10000000.0</sph:maximum>
            <sph:volatility>0.0000000000000000</sph:volatility>
            <sph:notionalRate>-10000000.0000000000000000</sph:notionalRate>
            <sph:broken>false</sph:broken>
          </sph:floatingFlow>
          <sph:floatingFlow>
            <sph:startDate>2000-05-22</sph:startDate>
            <sph:endDate>2000-11-20</sph:endDate>
            <sph:settlementDate>
              <common:adjustableDate>
                <common:unadjustedDate>2000-11-20</common:unadjustedDate>
                <common:dateAdjustments>
                  <common:businessDayConvention>NONE</common:businessDayConvention>
                </common:dateAdjustments>
              </common:adjustableDate>
            </sph:settlementDate>
            <sph:percentage>1</sph:percentage>
            <sph:fixingDate>2000-05-18</sph:fixingDate>
            <sph:valueStartDate>2000-05-22</sph:valueStartDate>
            <sph:valueEndDate>2000-11-20</sph:valueEndDate>
            <sph:spread>0.0</sph:spread>
            <sph:fixingRateValue>0.04655000</sph:fixingRateValue>
            <sph:fixingRateValue2>0.0</sph:fixingRateValue2>
            <sph:minimum>-10000000.0</sph:minimum>
            <sph:maximum>-10000000.0</sph:maximum>
            <sph:volatility>0.0000000000000000</sph:volatility>
            <sph:notionalRate>-10000000.0000000000000000</sph:notionalRate>
            <sph:broken>false</sph:broken>
          </sph:floatingFlow>
          <sph:floatingFlow>
            <sph:startDate>2000-11-20</sph:startDate>
            <sph:endDate>2001-05-21</sph:endDate>
            <sph:settlementDate>
              <common:adjustableDate>
                <common:unadjustedDate>2001-05-21</common:unadjustedDate>
                <common:dateAdjustments>
                  <common:businessDayConvention>NONE</common:businessDayConvention>
                </common:dateAdjustments>
              </common:adjustableDate>
            </sph:settlementDate>
            <sph:percentage>1</sph:percentage>
            <sph:fixingDate>2000-11-16</sph:fixingDate>
            <sph:valueStartDate>2000-11-20</sph:valueStartDate>
            <sph:valueEndDate>2001-05-21</sph:valueEndDate>
            <sph:spread>0.0</sph:spread>
            <sph:fixingRateValue>0.05111000</sph:fixingRateValue>
            <sph:fixingRateValue2>0.0</sph:fixingRateValue2>
            <sph:minimum>-10000000.0</sph:minimum>
            <sph:maximum>-10000000.0</sph:maximum>
            <sph:volatility>0.0000000000000000</sph:volatility>
            <sph:notionalRate>-10000000.0000000000000000</sph:notionalRate>
            <sph:broken>false</sph:broken>
          </sph:floatingFlow>
          <sph:floatingFlow>
            <sph:startDate>2001-05-21</sph:startDate>
            <sph:endDate>2001-11-20</sph:endDate>
            <sph:settlementDate>
              <common:adjustableDate>
                <common:unadjustedDate>2001-11-20</common:unadjustedDate>
                <common:dateAdjustments>
                  <common:businessDayConvention>NONE</common:businessDayConvention>
                </common:dateAdjustments>
              </common:adjustableDate>
            </sph:settlementDate>
            <sph:percentage>1</sph:percentage>
            <sph:fixingDate>2001-05-17</sph:fixingDate>
            <sph:valueStartDate>2001-05-21</sph:valueStartDate>
            <sph:valueEndDate>2001-11-20</sph:valueEndDate>
            <sph:spread>0.0</sph:spread>
            <sph:fixingRateValue>0.04477000</sph:fixingRateValue>
            <sph:fixingRateValue2>0.0</sph:fixingRateValue2>
            <sph:minimum>-10000000.0</sph:minimum>
            <sph:maximum>-10000000.0</sph:maximum>
            <sph:volatility>0.0000000000000000</sph:volatility>
            <sph:notionalRate>-10000000.0000000000000000</sph:notionalRate>
            <sph:broken>false</sph:broken>
          </sph:floatingFlow>
          <sph:floatingFlow>
            <sph:startDate>2001-11-20</sph:startDate>
            <sph:endDate>2002-05-20</sph:endDate>
            <sph:settlementDate>
              <common:adjustableDate>
                <common:unadjustedDate>2002-05-20</common:unadjustedDate>
                <common:dateAdjustments>
                  <common:businessDayConvention>NONE</common:businessDayConvention>
                </common:dateAdjustments>
              </common:adjustableDate>
            </sph:settlementDate>
            <sph:percentage>1</sph:percentage>
            <sph:fixingDate>2001-11-16</sph:fixingDate>
            <sph:valueStartDate>2001-11-20</sph:valueStartDate>
            <sph:valueEndDate>2002-05-20</sph:valueEndDate>
            <sph:spread>0.0</sph:spread>
            <sph:fixingRateValue>0.03316000</sph:fixingRateValue>
            <sph:fixingRateValue2>0.0</sph:fixingRateValue2>
            <sph:minimum>-10000000.0</sph:minimum>
            <sph:maximum>-10000000.0</sph:maximum>
            <sph:volatility>0.0000000000000000</sph:volatility>
            <sph:notionalRate>-10000000.0000000000000000</sph:notionalRate>
            <sph:broken>false</sph:broken>
          </sph:floatingFlow>
          <sph:floatingFlow>
            <sph:startDate>2002-05-20</sph:startDate>
            <sph:endDate>2002-11-20</sph:endDate>
            <sph:settlementDate>
              <common:adjustableDate>
                <common:unadjustedDate>2002-11-20</common:unadjustedDate>
                <common:dateAdjustments>
                  <common:businessDayConvention>NONE</common:businessDayConvention>
                </common:dateAdjustments>
              </common:adjustableDate>
            </sph:settlementDate>
            <sph:percentage>1</sph:percentage>
            <sph:fixingDate>2002-05-16</sph:fixingDate>
            <sph:valueStartDate>2002-05-20</sph:valueStartDate>
            <sph:valueEndDate>2002-11-20</sph:valueEndDate>
            <sph:spread>0.0</sph:spread>
            <sph:fixingRateValue>0.03684000</sph:fixingRateValue>
            <sph:fixingRateValue2>0.0</sph:fixingRateValue2>
            <sph:minimum>-10000000.0</sph:minimum>
            <sph:maximum>-10000000.0</sph:maximum>
            <sph:volatility>0.0000000000000000</sph:volatility>
            <sph:notionalRate>-10000000.0000000000000000</sph:notionalRate>
            <sph:broken>false</sph:broken>
          </sph:floatingFlow>
          <sph:floatingFlow>
            <sph:startDate>2002-11-20</sph:startDate>
            <sph:endDate>2003-05-20</sph:endDate>
            <sph:settlementDate>
              <common:adjustableDate>
                <common:unadjustedDate>2003-05-20</common:unadjustedDate>
                <common:dateAdjustments>
                  <common:businessDayConvention>NONE</common:businessDayConvention>
                </common:dateAdjustments>
              </common:adjustableDate>
            </sph:settlementDate>
            <sph:percentage>1</sph:percentage>
            <sph:fixingDate>2002-11-18</sph:fixingDate>
            <sph:valueStartDate>2002-11-20</sph:valueStartDate>
            <sph:valueEndDate>2003-05-20</sph:valueEndDate>
            <sph:spread>0.0</sph:spread>
            <sph:fixingRateValue>0.03005000</sph:fixingRateValue>
            <sph:fixingRateValue2>0.0</sph:fixingRateValue2>
            <sph:minimum>-10000000.0</sph:minimum>
            <sph:maximum>-10000000.0</sph:maximum>
            <sph:volatility>0.0000000000000000</sph:volatility>
            <sph:notionalRate>-10000000.0000000000000000</sph:notionalRate>
            <sph:broken>false</sph:broken>
          </sph:floatingFlow>
          <sph:floatingFlow>
            <sph:startDate>2003-05-20</sph:startDate>
            <sph:endDate>2003-11-20</sph:endDate>
            <sph:settlementDate>
              <common:adjustableDate>
                <common:unadjustedDate>2003-11-20</common:unadjustedDate>
                <common:dateAdjustments>
                  <common:businessDayConvention>NONE</common:businessDayConvention>
                </common:dateAdjustments>
              </common:adjustableDate>
            </sph:settlementDate>
            <sph:percentage>1</sph:percentage>
            <sph:fixingDate>2003-05-16</sph:fixingDate>
            <sph:valueStartDate>2003-05-20</sph:valueStartDate>
            <sph:valueEndDate>2003-11-20</sph:valueEndDate>
            <sph:spread>0.0</sph:spread>
            <sph:fixingRateValue>0.02303000</sph:fixingRateValue>
            <sph:fixingRateValue2>0.0</sph:fixingRateValue2>
            <sph:minimum>-10000000.0</sph:minimum>
            <sph:maximum>-10000000.0</sph:maximum>
            <sph:volatility>0.0000000000000000</sph:volatility>
            <sph:notionalRate>-10000000.0000000000000000</sph:notionalRate>
            <sph:broken>false</sph:broken>
          </sph:floatingFlow>
          <sph:floatingFlow>
            <sph:startDate>2003-11-20</sph:startDate>
            <sph:endDate>2004-05-20</sph:endDate>
            <sph:settlementDate>
              <common:adjustableDate>
                <common:unadjustedDate>2004-05-20</common:unadjustedDate>
                <common:dateAdjustments>
                  <common:businessDayConvention>NONE</common:businessDayConvention>
                </common:dateAdjustments>
              </common:adjustableDate>
            </sph:settlementDate>
            <sph:percentage>1</sph:percentage>
            <sph:fixingDate>2003-11-18</sph:fixingDate>
            <sph:valueStartDate>2003-11-20</sph:valueStartDate>
            <sph:valueEndDate>2004-05-20</sph:valueEndDate>
            <sph:spread>0.0</sph:spread>
            <sph:fixingRateValue>0.02207000</sph:fixingRateValue>
            <sph:fixingRateValue2>0.0</sph:fixingRateValue2>
            <sph:minimum>-10000000.0</sph:minimum>
            <sph:maximum>-10000000.0</sph:maximum>
            <sph:volatility>0.0000000000000000</sph:volatility>
            <sph:notionalRate>-10000000.0000000000000000</sph:notionalRate>
            <sph:broken>false</sph:broken>
          </sph:floatingFlow>
          <sph:floatingFlow>
            <sph:startDate>2004-05-20</sph:startDate>
            <sph:endDate>2004-11-22</sph:endDate>
            <sph:settlementDate>
              <common:adjustableDate>
                <common:unadjustedDate>2004-11-22</common:unadjustedDate>
                <common:dateAdjustments>
                  <common:businessDayConvention>NONE</common:businessDayConvention>
                </common:dateAdjustments>
              </common:adjustableDate>
            </sph:settlementDate>
            <sph:percentage>1</sph:percentage>
            <sph:fixingDate>2004-05-18</sph:fixingDate>
            <sph:valueStartDate>2004-05-20</sph:valueStartDate>
            <sph:valueEndDate>2004-11-22</sph:valueEndDate>
            <sph:spread>0.0</sph:spread>
            <sph:fixingRateValue>0.02142000</sph:fixingRateValue>
            <sph:fixingRateValue2>0.0</sph:fixingRateValue2>
            <sph:minimum>-10000000.0</sph:minimum>
            <sph:maximum>-10000000.0</sph:maximum>
            <sph:volatility>0.0000000000000000</sph:volatility>
            <sph:notionalRate>-10000000.0000000000000000</sph:notionalRate>
            <sph:broken>false</sph:broken>
          </sph:floatingFlow>
          <sph:floatingFlow>
            <sph:startDate>2004-11-22</sph:startDate>
            <sph:endDate>2005-05-20</sph:endDate>
            <sph:settlementDate>
              <common:adjustableDate>
                <common:unadjustedDate>2005-05-20</common:unadjustedDate>
                <common:dateAdjustments>
                  <common:businessDayConvention>NONE</common:businessDayConvention>
                </common:dateAdjustments>
              </common:adjustableDate>
            </sph:settlementDate>
            <sph:percentage>1</sph:percentage>
            <sph:fixingDate>2004-11-18</sph:fixingDate>
            <sph:valueStartDate>2004-11-22</sph:valueStartDate>
            <sph:valueEndDate>2005-05-20</sph:valueEndDate>
            <sph:spread>0.0</sph:spread>
            <sph:fixingRateValue>0.02221000</sph:fixingRateValue>
            <sph:fixingRateValue2>0.0</sph:fixingRateValue2>
            <sph:minimum>-10000000.0</sph:minimum>
            <sph:maximum>-10000000.0</sph:maximum>
            <sph:volatility>0.0000000000000000</sph:volatility>
            <sph:notionalRate>-10000000.0000000000000000</sph:notionalRate>
            <sph:broken>false</sph:broken>
          </sph:floatingFlow>
          <sph:floatingFlow>
            <sph:startDate>2005-05-20</sph:startDate>
            <sph:endDate>2005-11-21</sph:endDate>
            <sph:settlementDate>
              <common:adjustableDate>
                <common:unadjustedDate>2005-11-21</common:unadjustedDate>
                <common:dateAdjustments>
                  <common:businessDayConvention>NONE</common:businessDayConvention>
                </common:dateAdjustments>
              </common:adjustableDate>
            </sph:settlementDate>
            <sph:percentage>1</sph:percentage>
            <sph:fixingDate>2005-05-18</sph:fixingDate>
            <sph:valueStartDate>2005-05-20</sph:valueStartDate>
            <sph:valueEndDate>2005-11-21</sph:valueEndDate>
            <sph:spread>0.0</sph:spread>
            <sph:fixingRateValue>0.02146000</sph:fixingRateValue>
            <sph:fixingRateValue2>0.0</sph:fixingRateValue2>
            <sph:minimum>-10000000.0</sph:minimum>
            <sph:maximum>-10000000.0</sph:maximum>
            <sph:volatility>0.0000000000000000</sph:volatility>
            <sph:notionalRate>-10000000.0000000000000000</sph:notionalRate>
            <sph:broken>false</sph:broken>
          </sph:floatingFlow>
          <sph:floatingFlow>
            <sph:startDate>2005-11-21</sph:startDate>
            <sph:endDate>2006-05-22</sph:endDate>
            <sph:settlementDate>
              <common:adjustableDate>
                <common:unadjustedDate>2006-05-22</common:unadjustedDate>
                <common:dateAdjustments>
                  <common:businessDayConvention>NONE</common:businessDayConvention>
                </common:dateAdjustments>
              </common:adjustableDate>
            </sph:settlementDate>
            <sph:percentage>1</sph:percentage>
            <sph:fixingDate>2005-11-17</sph:fixingDate>
            <sph:valueStartDate>2005-11-21</sph:valueStartDate>
            <sph:valueEndDate>2006-05-22</sph:valueEndDate>
            <sph:spread>0.0</sph:spread>
            <sph:fixingRateValue>0.02492000</sph:fixingRateValue>
            <sph:fixingRateValue2>0.0</sph:fixingRateValue2>
            <sph:minimum>-10000000.0</sph:minimum>
            <sph:maximum>-10000000.0</sph:maximum>
            <sph:volatility>0.0000000000000000</sph:volatility>
            <sph:notionalRate>-10000000.0000000000000000</sph:notionalRate>
            <sph:broken>false</sph:broken>
          </sph:floatingFlow>
          <sph:floatingFlow>
            <sph:startDate>2006-05-22</sph:startDate>
            <sph:endDate>2006-11-20</sph:endDate>
            <sph:settlementDate>
              <common:adjustableDate>
                <common:unadjustedDate>2006-11-20</common:unadjustedDate>
                <common:dateAdjustments>
                  <common:businessDayConvention>NONE</common:businessDayConvention>
                </common:dateAdjustments>
              </common:adjustableDate>
            </sph:settlementDate>
            <sph:percentage>1</sph:percentage>
            <sph:fixingDate>2006-05-18</sph:fixingDate>
            <sph:valueStartDate>2006-05-22</sph:valueStartDate>
            <sph:valueEndDate>2006-11-20</sph:valueEndDate>
            <sph:spread>0.0</sph:spread>
            <sph:fixingRateValue>0.03068000</sph:fixingRateValue>
            <sph:fixingRateValue2>0.0</sph:fixingRateValue2>
            <sph:minimum>-10000000.0</sph:minimum>
            <sph:maximum>-10000000.0</sph:maximum>
            <sph:volatility>0.0000000000000000</sph:volatility>
            <sph:notionalRate>-10000000.0000000000000000</sph:notionalRate>
            <sph:broken>false</sph:broken>
          </sph:floatingFlow>
          <sph:floatingFlow>
            <sph:startDate>2006-11-20</sph:startDate>
            <sph:endDate>2007-05-21</sph:endDate>
            <sph:settlementDate>
              <common:adjustableDate>
                <common:unadjustedDate>2007-05-21</common:unadjustedDate>
                <common:dateAdjustments>
                  <common:businessDayConvention>NONE</common:businessDayConvention>
                </common:dateAdjustments>
              </common:adjustableDate>
            </sph:settlementDate>
            <sph:percentage>1</sph:percentage>
            <sph:fixingDate>2006-11-16</sph:fixingDate>
            <sph:valueStartDate>2006-11-20</sph:valueStartDate>
            <sph:valueEndDate>2007-05-21</sph:valueEndDate>
            <sph:spread>0.0</sph:spread>
            <sph:fixingRateValue>0.03744000</sph:fixingRateValue>
            <sph:fixingRateValue2>0.0</sph:fixingRateValue2>
            <sph:minimum>-10000000.0</sph:minimum>
            <sph:maximum>-10000000.0</sph:maximum>
            <sph:volatility>0.0000000000000000</sph:volatility>
            <sph:notionalRate>-10000000.0000000000000000</sph:notionalRate>
            <sph:broken>false</sph:broken>
          </sph:floatingFlow>
          <sph:floatingFlow>
            <sph:startDate>2007-05-21</sph:startDate>
            <sph:endDate>2007-11-20</sph:endDate>
            <sph:settlementDate>
              <common:adjustableDate>
                <common:unadjustedDate>2007-11-20</common:unadjustedDate>
                <common:dateAdjustments>
                  <common:businessDayConvention>NONE</common:businessDayConvention>
                </common:dateAdjustments>
              </common:adjustableDate>
            </sph:settlementDate>
            <sph:percentage>1</sph:percentage>
            <sph:fixingDate>2007-05-17</sph:fixingDate>
            <sph:valueStartDate>2007-05-21</sph:valueStartDate>
            <sph:valueEndDate>2007-11-20</sph:valueEndDate>
            <sph:spread>0.0</sph:spread>
            <sph:fixingRateValue>0.04210000</sph:fixingRateValue>
            <sph:fixingRateValue2>0.0</sph:fixingRateValue2>
            <sph:minimum>-10000000.0</sph:minimum>
            <sph:maximum>-10000000.0</sph:maximum>
            <sph:volatility>0.0000000000000000</sph:volatility>
            <sph:notionalRate>-10000000.0000000000000000</sph:notionalRate>
            <sph:broken>false</sph:broken>
          </sph:floatingFlow>
          <sph:floatingFlow>
            <sph:startDate>2007-11-20</sph:startDate>
            <sph:endDate>2008-05-20</sph:endDate>
            <sph:settlementDate>
              <common:adjustableDate>
                <common:unadjustedDate>2008-05-20</common:unadjustedDate>
                <common:dateAdjustments>
                  <common:businessDayConvention>NONE</common:businessDayConvention>
                </common:dateAdjustments>
              </common:adjustableDate>
            </sph:settlementDate>
            <sph:percentage>1</sph:percentage>
            <sph:fixingDate>2007-11-16</sph:fixingDate>
            <sph:valueStartDate>2007-11-20</sph:valueStartDate>
            <sph:valueEndDate>2008-05-20</sph:valueEndDate>
            <sph:spread>0.0</sph:spread>
            <sph:fixingRateValue>0.04592000</sph:fixingRateValue>
            <sph:fixingRateValue2>0.0</sph:fixingRateValue2>
            <sph:minimum>-10000000.0</sph:minimum>
            <sph:maximum>-10000000.0</sph:maximum>
            <sph:volatility>0.0000000000000000</sph:volatility>
            <sph:notionalRate>-10000000.0000000000000000</sph:notionalRate>
            <sph:broken>false</sph:broken>
          </sph:floatingFlow>
          <sph:floatingFlow>
            <sph:startDate>2008-05-20</sph:startDate>
            <sph:endDate>2008-11-20</sph:endDate>
            <sph:settlementDate>
              <common:adjustableDate>
                <common:unadjustedDate>2008-11-20</common:unadjustedDate>
                <common:dateAdjustments>
                  <common:businessDayConvention>NONE</common:businessDayConvention>
                </common:dateAdjustments>
              </common:adjustableDate>
            </sph:settlementDate>
            <sph:percentage>1</sph:percentage>
            <sph:fixingDate>2008-05-16</sph:fixingDate>
            <sph:valueStartDate>2008-05-20</sph:valueStartDate>
            <sph:valueEndDate>2008-11-20</sph:valueEndDate>
            <sph:spread>0.0</sph:spread>
            <sph:fixingRateValue>0.04900000</sph:fixingRateValue>
            <sph:fixingRateValue2>0.0</sph:fixingRateValue2>
            <sph:minimum>-10000000.0</sph:minimum>
            <sph:maximum>-10000000.0</sph:maximum>
            <sph:volatility>0.0000000000000000</sph:volatility>
            <sph:notionalRate>-10000000.0000000000000000</sph:notionalRate>
            <sph:broken>false</sph:broken>
          </sph:floatingFlow>
          <sph:floatingFlow>
            <sph:startDate>2008-11-20</sph:startDate>
            <sph:endDate>2009-05-20</sph:endDate>
            <sph:settlementDate>
              <common:adjustableDate>
                <common:unadjustedDate>2009-05-20</common:unadjustedDate>
                <common:dateAdjustments>
                  <common:businessDayConvention>NONE</common:businessDayConvention>
                </common:dateAdjustments>
              </common:adjustableDate>
            </sph:settlementDate>
            <sph:percentage>1</sph:percentage>
            <sph:fixingDate>2008-11-18</sph:fixingDate>
            <sph:valueStartDate>2008-11-20</sph:valueStartDate>
            <sph:valueEndDate>2009-05-20</sph:valueEndDate>
            <sph:spread>0.0</sph:spread>
            <sph:fixingRateValue>0.00000000</sph:fixingRateValue>
            <sph:fixingRateValue2>0.0</sph:fixingRateValue2>
            <sph:minimum>-10000000.0</sph:minimum>
            <sph:maximum>-10000000.0</sph:maximum>
            <sph:volatility>0.0000000000000000</sph:volatility>
            <sph:notionalRate>-10000000.0000000000000000</sph:notionalRate>
            <sph:broken>false</sph:broken>
          </sph:floatingFlow>
          <sph:floatingFlow>
            <sph:startDate>2009-05-20</sph:startDate>
            <sph:endDate>2009-11-20</sph:endDate>
            <sph:settlementDate>
              <common:adjustableDate>
                <common:unadjustedDate>2009-11-20</common:unadjustedDate>
                <common:dateAdjustments>
                  <common:businessDayConvention>NONE</common:businessDayConvention>
                </common:dateAdjustments>
              </common:adjustableDate>
            </sph:settlementDate>
            <sph:percentage>1</sph:percentage>
            <sph:fixingDate>2009-05-18</sph:fixingDate>
            <sph:valueStartDate>2009-05-20</sph:valueStartDate>
            <sph:valueEndDate>2009-11-20</sph:valueEndDate>
            <sph:spread>0.0</sph:spread>
            <sph:fixingRateValue>0.00000000</sph:fixingRateValue>
            <sph:fixingRateValue2>0.0</sph:fixingRateValue2>
            <sph:minimum>-10000000.0</sph:minimum>
            <sph:maximum>-10000000.0</sph:maximum>
            <sph:volatility>0.0000000000000000</sph:volatility>
            <sph:notionalRate>-10000000.0000000000000000</sph:notionalRate>
            <sph:broken>false</sph:broken>
          </sph:floatingFlow>
          <sph:floatingFlow>
            <sph:startDate>2009-11-20</sph:startDate>
            <sph:endDate>2010-05-20</sph:endDate>
            <sph:settlementDate>
              <common:adjustableDate>
                <common:unadjustedDate>2010-05-20</common:unadjustedDate>
                <common:dateAdjustments>
                  <common:businessDayConvention>NONE</common:businessDayConvention>
                </common:dateAdjustments>
              </common:adjustableDate>
            </sph:settlementDate>
            <sph:percentage>1</sph:percentage>
            <sph:fixingDate>2009-11-18</sph:fixingDate>
            <sph:valueStartDate>2009-11-20</sph:valueStartDate>
            <sph:valueEndDate>2010-05-20</sph:valueEndDate>
            <sph:spread>0.0</sph:spread>
            <sph:fixingRateValue>0.00000000</sph:fixingRateValue>
            <sph:fixingRateValue2>0.0</sph:fixingRateValue2>
            <sph:minimum>-10000000.0</sph:minimum>
            <sph:maximum>-10000000.0</sph:maximum>
            <sph:volatility>0.0000000000000000</sph:volatility>
            <sph:notionalRate>-10000000.0000000000000000</sph:notionalRate>
            <sph:broken>false</sph:broken>
          </sph:floatingFlow>
          <sph:floatingFlow>
            <sph:startDate>2010-05-20</sph:startDate>
            <sph:endDate>2010-11-22</sph:endDate>
            <sph:settlementDate>
              <common:adjustableDate>
                <common:unadjustedDate>2010-11-22</common:unadjustedDate>
                <common:dateAdjustments>
                  <common:businessDayConvention>NONE</common:businessDayConvention>
                </common:dateAdjustments>
              </common:adjustableDate>
            </sph:settlementDate>
            <sph:percentage>1</sph:percentage>
            <sph:fixingDate>2010-05-18</sph:fixingDate>
            <sph:valueStartDate>2010-05-20</sph:valueStartDate>
            <sph:valueEndDate>2010-11-22</sph:valueEndDate>
            <sph:spread>0.0</sph:spread>
            <sph:fixingRateValue>0.00000000</sph:fixingRateValue>
            <sph:fixingRateValue2>0.0</sph:fixingRateValue2>
            <sph:minimum>-10000000.0</sph:minimum>
            <sph:maximum>-10000000.0</sph:maximum>
            <sph:volatility>0.0000000000000000</sph:volatility>
            <sph:notionalRate>-10000000.0000000000000000</sph:notionalRate>
            <sph:broken>false</sph:broken>
          </sph:floatingFlow>
          <sph:floatingFlow>
            <sph:startDate>2010-11-22</sph:startDate>
            <sph:endDate>2011-05-20</sph:endDate>
            <sph:settlementDate>
              <common:adjustableDate>
                <common:unadjustedDate>2011-05-20</common:unadjustedDate>
                <common:dateAdjustments>
                  <common:businessDayConvention>NONE</common:businessDayConvention>
                </common:dateAdjustments>
              </common:adjustableDate>
            </sph:settlementDate>
            <sph:percentage>1</sph:percentage>
            <sph:fixingDate>2010-11-18</sph:fixingDate>
            <sph:valueStartDate>2010-11-22</sph:valueStartDate>
            <sph:valueEndDate>2011-05-20</sph:valueEndDate>
            <sph:spread>0.0</sph:spread>
            <sph:fixingRateValue>0.00000000</sph:fixingRateValue>
            <sph:fixingRateValue2>0.0</sph:fixingRateValue2>
            <sph:minimum>-10000000.0</sph:minimum>
            <sph:maximum>-10000000.0</sph:maximum>
            <sph:volatility>0.0000000000000000</sph:volatility>
            <sph:notionalRate>-10000000.0000000000000000</sph:notionalRate>
            <sph:broken>false</sph:broken>
          </sph:floatingFlow>
          <sph:floatingFlow>
            <sph:startDate>2011-05-20</sph:startDate>
            <sph:endDate>2011-11-21</sph:endDate>
            <sph:settlementDate>
              <common:adjustableDate>
                <common:unadjustedDate>2011-11-21</common:unadjustedDate>
                <common:dateAdjustments>
                  <common:businessDayConvention>NONE</common:businessDayConvention>
                </common:dateAdjustments>
              </common:adjustableDate>
            </sph:settlementDate>
            <sph:percentage>1</sph:percentage>
            <sph:fixingDate>2011-05-18</sph:fixingDate>
            <sph:valueStartDate>2011-05-20</sph:valueStartDate>
            <sph:valueEndDate>2011-11-21</sph:valueEndDate>
            <sph:spread>0.0</sph:spread>
            <sph:fixingRateValue>0.00000000</sph:fixingRateValue>
            <sph:fixingRateValue2>0.0</sph:fixingRateValue2>
            <sph:minimum>-10000000.0</sph:minimum>
            <sph:maximum>-10000000.0</sph:maximum>
            <sph:volatility>0.0000000000000000</sph:volatility>
            <sph:notionalRate>-10000000.0000000000000000</sph:notionalRate>
            <sph:broken>false</sph:broken>
          </sph:floatingFlow>
          <sph:floatingFlow>
            <sph:startDate>2011-11-21</sph:startDate>
            <sph:endDate>2012-05-21</sph:endDate>
            <sph:settlementDate>
              <common:adjustableDate>
                <common:unadjustedDate>2012-05-21</common:unadjustedDate>
                <common:dateAdjustments>
                  <common:businessDayConvention>NONE</common:businessDayConvention>
                </common:dateAdjustments>
              </common:adjustableDate>
            </sph:settlementDate>
            <sph:percentage>1</sph:percentage>
            <sph:fixingDate>2011-11-17</sph:fixingDate>
            <sph:valueStartDate>2011-11-21</sph:valueStartDate>
            <sph:valueEndDate>2012-05-21</sph:valueEndDate>
            <sph:spread>0.0</sph:spread>
            <sph:fixingRateValue>0.00000000</sph:fixingRateValue>
            <sph:fixingRateValue2>0.0</sph:fixingRateValue2>
            <sph:minimum>-10000000.0</sph:minimum>
            <sph:maximum>-10000000.0</sph:maximum>
            <sph:volatility>0.0000000000000000</sph:volatility>
            <sph:notionalRate>-10000000.0000000000000000</sph:notionalRate>
            <sph:broken>false</sph:broken>
          </sph:floatingFlow>
        </sph:floatingFlowsList>
      </sph:swapStream>
    </sph:receivingLeg>
    <sph:payingLeg>
      <sph:swapStream>
        <sph:calculationPeriodDates>
          <sph:effectiveDate>
            <common:adjustableDate>
              <common:unadjustedDate>1999-05-20</common:unadjustedDate>
              <common:dateAdjustments>
                <common:businessDayConvention>NONE</common:businessDayConvention>
              </common:dateAdjustments>
            </common:adjustableDate>
          </sph:effectiveDate>
          <sph:terminationDate>
            <common:adjustableDate>
              <common:unadjustedDate>2012-05-21</common:unadjustedDate>
              <common:dateAdjustments>
                <common:businessDayConvention>NONE</common:businessDayConvention>
              </common:dateAdjustments>
            </common:adjustableDate>
          </sph:terminationDate>
          <sph:calculationPeriodDatesAdjustments>
            <sph:businessDayConvention>MODFOLLOWING</sph:businessDayConvention>
            <sph:adjustmentMethod>Yes</sph:adjustmentMethod>
          </sph:calculationPeriodDatesAdjustments>
          <sph:stubPeriodType>ShortInitial</sph:stubPeriodType>
          <sph:stubPeriodTypeAlt>ShortFinal</sph:stubPeriodTypeAlt>
          <sph:calculationPeriodFrequency>
            <sph:periodMultiplier>1</sph:periodMultiplier>
            <sph:periodEnum>Year</sph:periodEnum>
            <sph:rollConvention>NONE</sph:rollConvention>
          </sph:calculationPeriodFrequency>
        </sph:calculationPeriodDates>
        <sph:paymentDates>
          <sph:paymentFrequency>
            <sph:periodMultiplier>1</sph:periodMultiplier>
            <sph:periodEnum>Year</sph:periodEnum>
          </sph:paymentFrequency>
          <sph:payRelativeTo>CalculationPeriodEndDate</sph:payRelativeTo>
          <sph:paymentDaysOffset>
            <sph:periodMultiplier>2</sph:periodMultiplier>
            <sph:periodEnum>Day</sph:periodEnum>
            <sph:dayType>Business</sph:dayType>
          </sph:paymentDaysOffset>
          <sph:paymentDatesAdjustments>MODFOLLOWING</sph:paymentDatesAdjustments>
        </sph:paymentDates>
        <sph:calculationPeriodAmount>
          <sph:calculation>
            <sph:notionalSchedule>
              <sph:notionalStepSchedule>
                <sph:initialValue>12000000.0000</sph:initialValue>
                <sph:currency>EUR</sph:currency>
              </sph:notionalStepSchedule>
            </sph:notionalSchedule>
            <sph:fixedRateSchedule>
              <sph:initialValue>0.04720000</sph:initialValue>
              <sph:couponMode>Linear</sph:couponMode>
              <sph:couponAccrual>Linear</sph:couponAccrual>
            </sph:fixedRateSchedule>
            <sph:dayCountFraction>30/360Isda06</sph:dayCountFraction>
          </sph:calculation>
        </sph:calculationPeriodAmount>
        <sph:fixedFlowsList>
          <sph:fixedFlow>
            <sph:startDate>1999-05-20</sph:startDate>
            <sph:endDate>2000-05-22</sph:endDate>
            <sph:settlementDate>
              <common:adjustableDate>
                <common:unadjustedDate>2000-05-22</common:unadjustedDate>
                <common:dateAdjustments>
                  <common:businessDayConvention>NONE</common:businessDayConvention>
                </common:dateAdjustments>
              </common:adjustableDate>
            </sph:settlementDate>
            <sph:percentage>1</sph:percentage>
            <sph:fixedRate>0.04720000</sph:fixedRate>
          </sph:fixedFlow>
          <sph:fixedFlow>
            <sph:startDate>2000-05-22</sph:startDate>
            <sph:endDate>2001-05-21</sph:endDate>
            <sph:settlementDate>
              <common:adjustableDate>
                <common:unadjustedDate>2001-05-21</common:unadjustedDate>
                <common:dateAdjustments>
                  <common:businessDayConvention>NONE</common:businessDayConvention>
                </common:dateAdjustments>
              </common:adjustableDate>
            </sph:settlementDate>
            <sph:percentage>1</sph:percentage>
            <sph:fixedRate>0.04720000</sph:fixedRate>
          </sph:fixedFlow>
          <sph:fixedFlow>
            <sph:startDate>2001-05-21</sph:startDate>
            <sph:endDate>2002-05-20</sph:endDate>
            <sph:settlementDate>
              <common:adjustableDate>
                <common:unadjustedDate>2002-05-20</common:unadjustedDate>
                <common:dateAdjustments>
                  <common:businessDayConvention>NONE</common:businessDayConvention>
                </common:dateAdjustments>
              </common:adjustableDate>
            </sph:settlementDate>
            <sph:percentage>1</sph:percentage>
            <sph:fixedRate>0.04720000</sph:fixedRate>
          </sph:fixedFlow>
          <sph:fixedFlow>
            <sph:startDate>2002-05-20</sph:startDate>
            <sph:endDate>2003-05-20</sph:endDate>
            <sph:settlementDate>
              <common:adjustableDate>
                <common:unadjustedDate>2003-05-20</common:unadjustedDate>
                <common:dateAdjustments>
                  <common:businessDayConvention>NONE</common:businessDayConvention>
                </common:dateAdjustments>
              </common:adjustableDate>
            </sph:settlementDate>
            <sph:percentage>1</sph:percentage>
            <sph:fixedRate>0.04720000</sph:fixedRate>
          </sph:fixedFlow>
          <sph:fixedFlow>
            <sph:startDate>2003-05-20</sph:startDate>
            <sph:endDate>2004-05-20</sph:endDate>
            <sph:settlementDate>
              <common:adjustableDate>
                <common:unadjustedDate>2004-05-20</common:unadjustedDate>
                <common:dateAdjustments>
                  <common:businessDayConvention>NONE</common:businessDayConvention>
                </common:dateAdjustments>
              </common:adjustableDate>
            </sph:settlementDate>
            <sph:percentage>1</sph:percentage>
            <sph:fixedRate>0.04720000</sph:fixedRate>
          </sph:fixedFlow>
          <sph:fixedFlow>
            <sph:startDate>2004-05-20</sph:startDate>
            <sph:endDate>2005-05-20</sph:endDate>
            <sph:settlementDate>
              <common:adjustableDate>
                <common:unadjustedDate>2005-05-20</common:unadjustedDate>
                <common:dateAdjustments>
                  <common:businessDayConvention>NONE</common:businessDayConvention>
                </common:dateAdjustments>
              </common:adjustableDate>
            </sph:settlementDate>
            <sph:percentage>1</sph:percentage>
            <sph:fixedRate>0.04720000</sph:fixedRate>
          </sph:fixedFlow>
          <sph:fixedFlow>
            <sph:startDate>2005-05-20</sph:startDate>
            <sph:endDate>2006-05-22</sph:endDate>
            <sph:settlementDate>
              <common:adjustableDate>
                <common:unadjustedDate>2006-05-22</common:unadjustedDate>
                <common:dateAdjustments>
                  <common:businessDayConvention>NONE</common:businessDayConvention>
                </common:dateAdjustments>
              </common:adjustableDate>
            </sph:settlementDate>
            <sph:percentage>1</sph:percentage>
            <sph:fixedRate>0.04720000</sph:fixedRate>
          </sph:fixedFlow>
          <sph:fixedFlow>
            <sph:startDate>2006-05-22</sph:startDate>
            <sph:endDate>2007-05-21</sph:endDate>
            <sph:settlementDate>
              <common:adjustableDate>
                <common:unadjustedDate>2007-05-21</common:unadjustedDate>
                <common:dateAdjustments>
                  <common:businessDayConvention>NONE</common:businessDayConvention>
                </common:dateAdjustments>
              </common:adjustableDate>
            </sph:settlementDate>
            <sph:percentage>1</sph:percentage>
            <sph:fixedRate>0.04720000</sph:fixedRate>
          </sph:fixedFlow>
          <sph:fixedFlow>
            <sph:startDate>2007-05-21</sph:startDate>
            <sph:endDate>2008-05-20</sph:endDate>
            <sph:settlementDate>
              <common:adjustableDate>
                <common:unadjustedDate>2008-05-20</common:unadjustedDate>
                <common:dateAdjustments>
                  <common:businessDayConvention>NONE</common:businessDayConvention>
                </common:dateAdjustments>
              </common:adjustableDate>
            </sph:settlementDate>
            <sph:percentage>1</sph:percentage>
            <sph:fixedRate>0.04720000</sph:fixedRate>
          </sph:fixedFlow>
          <sph:fixedFlow>
            <sph:startDate>2008-05-20</sph:startDate>
            <sph:endDate>2009-05-20</sph:endDate>
            <sph:settlementDate>
              <common:adjustableDate>
                <common:unadjustedDate>2009-05-20</common:unadjustedDate>
                <common:dateAdjustments>
                  <common:businessDayConvention>NONE</common:businessDayConvention>
                </common:dateAdjustments>
              </common:adjustableDate>
            </sph:settlementDate>
            <sph:percentage>1</sph:percentage>
            <sph:fixedRate>0.04720000</sph:fixedRate>
          </sph:fixedFlow>
          <sph:fixedFlow>
            <sph:startDate>2009-05-20</sph:startDate>
            <sph:endDate>2010-05-20</sph:endDate>
            <sph:settlementDate>
              <common:adjustableDate>
                <common:unadjustedDate>2010-05-20</common:unadjustedDate>
                <common:dateAdjustments>
                  <common:businessDayConvention>NONE</common:businessDayConvention>
                </common:dateAdjustments>
              </common:adjustableDate>
            </sph:settlementDate>
            <sph:percentage>1</sph:percentage>
            <sph:fixedRate>0.04720000</sph:fixedRate>
          </sph:fixedFlow>
          <sph:fixedFlow>
            <sph:startDate>2010-05-20</sph:startDate>
            <sph:endDate>2011-05-20</sph:endDate>
            <sph:settlementDate>
              <common:adjustableDate>
                <common:unadjustedDate>2011-05-20</common:unadjustedDate>
                <common:dateAdjustments>
                  <common:businessDayConvention>NONE</common:businessDayConvention>
                </common:dateAdjustments>
              </common:adjustableDate>
            </sph:settlementDate>
            <sph:percentage>1</sph:percentage>
            <sph:fixedRate>0.04720000</sph:fixedRate>
          </sph:fixedFlow>
          <sph:fixedFlow>
            <sph:startDate>2011-05-20</sph:startDate>
            <sph:endDate>2012-05-21</sph:endDate>
            <sph:settlementDate>
              <common:adjustableDate>
                <common:unadjustedDate>2012-05-21</common:unadjustedDate>
                <common:dateAdjustments>
                  <common:businessDayConvention>NONE</common:businessDayConvention>
                </common:dateAdjustments>
              </common:adjustableDate>
            </sph:settlementDate>
            <sph:percentage>1</sph:percentage>
            <sph:fixedRate>0.04720000</sph:fixedRate>
          </sph:fixedFlow>
        </sph:fixedFlowsList>
      </sph:swapStream>
    </sph:payingLeg>
  </sph:swap>
</exch:import>
