<?xml version="1.0" ?>
<!--
	Test purpose : Import a portfolio
	Expected result : Portfolio described below shall be inserted in db
-->
<exch:import version="4-2" xmlns:xsi="http://www.w3.org/2001/XMLSchema-instance" xmlns:exch="http://sophis.net/sophis/gxml/dataExchange"
	xmlns:fpml="http://www.fpml.org/2005/FpML-4-2" xmlns:dsig="http://www.w3.org/2000/09/xmldsig#"
	xmlns:common="http://sophis.net/sophis/common" xmlns:xsd="http://www.w3.org/2001/XMLSchema"
	xmlns:party="http://www.sophis.net/party" xmlns:trade="http://www.sophis.net/trade" xmlns:instrument="http://www.sophis.net/Instrument"
	xmlns:sph="http://www.sophis.net/Instrument" xmlns:folio="http://www.sophis.net/folio" xmlns:user="http://www.sophis.net/user">
	
	<fpml:header>
		<fpml:conversationId conversationIdScheme=""/>
		<fpml:messageId messageIdScheme="http://www.sophis.net/gxml/exchange/messageIdScheme/simple">001</fpml:messageId>
		<fpml:sentBy partyIdScheme="http://www.sophis.net/party/partyId/name">BARCLAYS</fpml:sentBy>
		<fpml:sendTo partyIdScheme="http://www.sophis.net/party/partyId/name">SOPHIS</fpml:sendTo>
		<fpml:creationTimestamp>2005-09-19T13:52:00</fpml:creationTimestamp>
	</fpml:header>

<folio:extendedFolio common:persistenceType="Shared">

  <folio:portfolioName folio:portfolioNameScheme="http://www.sophis.net/folio/portfolioName/fullName">ROOT:ISTraining</folio:portfolioName>
  <folio:description>
    <folio:underlyer>
      <instrument:reference instrument:modifiable="UniquePrioritary" instrument:name="Ticker">AC FP Equity</instrument:reference>
    </folio:underlyer>
    <folio:currency>EUR</folio:currency>
    <folio:comment>From IS</folio:comment>
    <folio:extraFields/>
  </folio:description>

</folio:extendedFolio>

</exch:import>

