<?xml version="1.0"?>
<!--
	Test purpose : Import a third party updating fields of names. Only specified fields are updated (in creation if not specified set to "")
	Expected result : Third Party described below shall be inserted in db
-->
<exch:import version="4-2" xmlns:xsi="http://www.w3.org/2001/XMLSchema-instance"
             xmlns:exch="http://sophis.net/sophis/gxml/dataExchange" xmlns:fpml="http://www.fpml.org/2005/FpML-4-2"
             xmlns:dsig="http://www.w3.org/2000/09/xmldsig#" xmlns:common="http://sophis.net/sophis/common"
             xmlns:xsd="http://www.w3.org/2001/XMLSchema" xmlns:party="http://www.sophis.net/party"
             xmlns:trade="http://www.sophis.net/trade" xmlns:instrument="http://www.sophis.net/Instrument"
             xmlns:sph="http://www.sophis.net/Instrument" xmlns:folio="http://www.sophis.net/folio"
             xmlns:user="http://www.sophis.net/user" exch:batchType="AllOrNothing">

	<fpml:header>
		<fpml:conversationId conversationIdScheme=""/>
		<fpml:messageId messageIdScheme="http://www.sophis.net/gxml/exchange/messageIdScheme/simple">001</fpml:messageId>
		<fpml:sentBy partyIdScheme="http://www.sophis.net/party/partyId/name">CLIENT</fpml:sentBy>
		<fpml:sendTo partyIdScheme="http://www.sophis.net/party/partyId/name">SOPHIS</fpml:sendTo>
		<fpml:creationTimestamp>2005-09-19T13:52:00</fpml:creationTimestamp>
	</fpml:header>

	<party:party xmlns:party="http://www.sophis.net/party" common:persistenceType="Create">

		<party:partyId party:partyIdScheme="http://www.sophis.net/party/partyId/name">EntityTraining</party:partyId>

		<party:partyId party:partyIdScheme="http://www.sophis.net/party/partyId/reference">EntityTraining</party:partyId>

	  <party:description>
		<party:institution>
		  <party:customer>true</party:customer>
		</party:institution>
		<party:category>
		  <party:entity>true</party:entity>
		</party:category>
		<party:bank/>
		<party:names>
		  <party:reference>EntityTraining</party:reference>
		</party:names>
		<party:site>0</party:site>
		<party:reporting/>
		<party:ratings/>
		<party:customProperties/>
		<party:address>
		  <party:identification/>
		  <party:contactNumbers/>
		  <party:contacts party:overwrite="true"/>
		</party:address>
		<party:advancedData>
		  <party:mifid/>
		</party:advancedData>
	  </party:description>

	</party:party>

	<party:party xmlns:party="http://www.sophis.net/party" common:persistenceType="Create">

		<party:partyId party:partyIdScheme="http://www.sophis.net/party/partyId/name">BrokerTraining</party:partyId>

		<party:partyId party:partyIdScheme="http://www.sophis.net/party/partyId/reference">BrokerTraining</party:partyId>

	  <party:description>
		<party:institution>
			<party:depositary>true</party:depositary>
			<party:broker>true</party:broker>
		</party:institution>
		<party:category>
		  <party:entity>false</party:entity>
		</party:category>
		<party:bank/>
		<party:names>
		  <party:reference>BrokerTraining</party:reference>
		</party:names>
		<party:site>0</party:site>
		<party:reporting/>
		<party:ratings/>
		<party:customProperties/>
		<party:address>
		  <party:identification/>
		  <party:contactNumbers/>
		  <party:contacts party:overwrite="true"/>
		</party:address>
		<party:advancedData>
		  <party:mifid/>
		</party:advancedData>
	  </party:description>

	</party:party>

	<party:party xmlns:party="http://www.sophis.net/party" common:persistenceType="Create">

		<party:partyId party:partyIdScheme="http://www.sophis.net/party/partyId/name">CounterpartyTraining</party:partyId>

		<party:partyId party:partyIdScheme="http://www.sophis.net/party/partyId/reference">CounterpartyTraining</party:partyId>

	  <party:description>
		<party:institution>
			<party:counterparty>true</party:counterparty>
		</party:institution>
		<party:category>
		  <party:entity>false</party:entity>
		</party:category>
		<party:bank/>
		<party:names>
		  <party:reference>CounterpartyTraining</party:reference>
		</party:names>
		<party:site>0</party:site>
		<party:reporting/>
		<party:ratings/>
		<party:customProperties/>
		<party:address>
		  <party:identification/>
		  <party:contactNumbers/>
		  <party:contacts party:overwrite="true"/>
		</party:address>
		<party:advancedData>
		  <party:mifid/>
		</party:advancedData>
	  </party:description>

	</party:party>
</exch:import>