<?xml version="1.0"?>
<exch:import version="4-2" xmlns:xsi="http://www.w3.org/2001/XMLSchema-instance"
             xmlns:exch="http://sophis.net/sophis/gxml/dataExchange" xmlns:fpml="http://www.fpml.org/2005/FpML-4-2"
             xmlns:dsig="http://www.w3.org/2000/09/xmldsig#" xmlns:common="http://sophis.net/sophis/common"
             xmlns:xsd="http://www.w3.org/2001/XMLSchema" xmlns:party="http://www.sophis.net/party"
             xmlns:trade="http://www.sophis.net/trade" xmlns:instrument="http://www.sophis.net/Instrument"
             xmlns:sph="http://www.sophis.net/Instrument" xmlns:folio="http://www.sophis.net/folio"
             xmlns:user="http://www.sophis.net/user" exch:batchType="Session">

	<fpml:header>
		<fpml:conversationId conversationIdScheme=""/>
		<fpml:messageId messageIdScheme="http://www.sophis.net/gxml/exchange/messageIdScheme/simple">001</fpml:messageId>
		<fpml:sentBy partyIdScheme="http://www.sophis.net/party/partyId/name">CLIENT</fpml:sentBy>
		<fpml:sendTo partyIdScheme="http://www.sophis.net/party/partyId/name">SOPHIS</fpml:sendTo>
		<fpml:creationTimestamp>2010-06-24T13:52:00</fpml:creationTimestamp>
		<fpml:expiryTimestamp>2010-07-24T22:53:00</fpml:expiryTimestamp>
	</fpml:header>

<sph:share xmlns:sph="http://www.sophis.net/Instrument" xmlns:common="http://sophis.net/sophis/common" common:persistenceType="FindOrCreate">

   <sph:identifier>
    <sph:reference sph:modifiable="UniquePrioritary" sph:name="Bloomberg">ShareDAMBB</sph:reference>
    <sph:reference sph:modifiable="OnlyForUpdate" sph:name="Valoren">BBMMCode123</sph:reference>
  </sph:identifier>
	
  <sph:name>ShareDAM</sph:name>

  <sph:currency>EUR</sph:currency>

  <sph:pricing>
    <sph:nature>A</sph:nature>
  </sph:pricing>

  <sph:tradingUnit>1.0000000000000000</sph:tradingUnit>

  <sph:beta>1.0000000000000000</sph:beta>

</sph:share>


</exch:import>