<?xml version="1.0"?>
<!--
	Test purpose : Import a trade
	Expected result : Trade described below shall be inserted in db
-->
<exch:import version="4-2" xmlns:xsi="http://www.w3.org/2001/XMLSchema-instance"
             xmlns:exch="http://sophis.net/sophis/gxml/dataExchange" xmlns:fpml="http://www.fpml.org/2005/FpML-4-2"
             xmlns:dsig="http://www.w3.org/2000/09/xmldsig#" xmlns:common="http://sophis.net/sophis/common"
             xmlns:xsd="http://www.w3.org/2001/XMLSchema" xmlns:party="http://www.sophis.net/party"
             xmlns:trade="http://www.sophis.net/trade" xmlns:instrument="http://www.sophis.net/Instrument"
             xmlns:sph="http://www.sophis.net/Instrument" xmlns:folio="http://www.sophis.net/folio"
             xmlns:user="http://www.sophis.net/user" exch:batchType ="AllRegardlessOfErrors">

	<fpml:header>
		<fpml:conversationId conversationIdScheme=""/>
		<fpml:messageId messageIdScheme="http://www.sophis.net/gxml/exchange/messageIdScheme/simple">033</fpml:messageId>
		<fpml:sentBy partyIdScheme="http://www.sophis.net/party/partyId/name">Client</fpml:sentBy>
		<fpml:sendTo partyIdScheme="http://www.sophis.net/party/partyId/name">SOPHIS</fpml:sendTo>
		<fpml:creationTimestamp>2005-09-19T13:52:00</fpml:creationTimestamp>
	</fpml:header>
  <trade:trade trade:updateWorkflowEventName="FM accept" common:persistenceType="UpdateOrCreate">
   <trade:tradeHeader>
      <trade:partyTradeIdentifier>
        <party:partyReference>
          <party:partyId party:partyIdScheme="http://www.sophis.net/party/partyId/reference">EntityTraining</party:partyId>
        </party:partyReference>
        <trade:tradeId trade:tradeIdScheme="http://www.sophis.net/trade/tradeId/externalReference">ExtRef</trade:tradeId>
      </trade:partyTradeIdentifier>
    </trade:tradeHeader>
    
    <trade:entityPartyReference party:href="ExtendedTradeSide1"/>
    <trade:extendedTradeSide trade:id="ExtendedTradeSide1">
      <trade:entity>
        <party:party>
          <party:partyId party:partyIdScheme="http://www.sophis.net/party/partyId/reference">EntityTraining</party:partyId>
        </party:party>
      </trade:entity>
    </trade:extendedTradeSide>
    
   
  </trade:trade>

</exch:import>