<?xml version="1.0"?>
<exch:import version="4-2" xmlns:xsi="http://www.w3.org/2001/XMLSchema-instance"
             xmlns:exch="http://sophis.net/sophis/gxml/dataExchange" xmlns:fpml="http://www.fpml.org/2005/FpML-4-2"
             xmlns:dsig="http://www.w3.org/2000/09/xmldsig#" xmlns:common="http://sophis.net/sophis/common"
             xmlns:xsd="http://www.w3.org/2001/XMLSchema" xmlns:party="http://www.sophis.net/party"
             xmlns:trade="http://www.sophis.net/trade" xmlns:instrument="http://www.sophis.net/Instrument"
             xmlns:sph="http://www.sophis.net/Instrument" xmlns:folio="http://www.sophis.net/folio"
             xmlns:user="http://www.sophis.net/user" exch:batchType="NoSession">

	<fpml:header>
		<fpml:conversationId conversationIdScheme=""/>
		<fpml:messageId messageIdScheme="http://www.sophis.net/gxml/exchange/messageIdScheme/simple">001</fpml:messageId>
		<fpml:sentBy partyIdScheme="http://www.sophis.net/party/partyId/name">CLIENT</fpml:sentBy>
		<fpml:sendTo partyIdScheme="http://www.sophis.net/party/partyId/name">SOPHIS</fpml:sendTo>
		<fpml:creationTimestamp>2010-06-24T13:52:00</fpml:creationTimestamp>
		<fpml:expiryTimestamp>2010-07-24T22:53:00</fpml:expiryTimestamp>
	</fpml:header>

	
<sph:share sph:id="instrument">

  <sph:name>Training Trades On Share</sph:name>

  <sph:currency>EUR</sph:currency>

  <sph:pricing>
    <sph:nature>A</sph:nature>
  </sph:pricing>

  <sph:tradingUnit>1.0000000000000000</sph:tradingUnit>

  <sph:beta>1.0000000000000000</sph:beta>

</sph:share>
<trade:trade>
    <trade:tradeHeader>
      <trade:partyTradeIdentifier>
        <party:partyReference>
          <party:partyId party:partyIdScheme="http://www.sophis.net/party/partyId/reference">EntityTraining</party:partyId>
        </party:partyReference>
      </trade:partyTradeIdentifier>
      
      <trade:extendedPartyTradeInformation>
        <trade:partyReference>
          <party:partyId party:partyIdScheme="http://www.sophis.net/party/partyId/reference">EntityTraining</party:partyId>
        </trade:partyReference>
		<trade:trader trade:traderScheme="http://www.sophis.net/user/userId/name">MANAGER</trade:trader>
        <folio:identifierAllocationRule>
          <folio:folio>
            <folio:portfolioName folio:portfolioNameScheme="http://www.sophis.net/folio/portfolioName/fullName">ROOT:ISTraining</folio:portfolioName>
          </folio:folio>
        </folio:identifierAllocationRule>
        <trade:businessEvent>Purchase/Sale</trade:businessEvent>
        <trade:origin>Manual</trade:origin>
        <trade:comment></trade:comment>
        <trade:extraFields>
          <AXA_SettlementAccount></AXA_SettlementAccount>
        </trade:extraFields>
      </trade:extendedPartyTradeInformation>
      <trade:tradeDate>2009-11-02</trade:tradeDate>
      <trade:tradeTime>17:05:20</trade:tradeTime>
      <trade:paymentDate>2009-11-05</trade:paymentDate>
    </trade:tradeHeader>
    <trade:tradeProduct>
      <trade:instrument sph:href="instrument"></trade:instrument>
      <trade:principalPayment>
        <trade:buyerPartyReference>
            <party:partyId party:partyIdScheme="http://www.sophis.net/party/partyId/reference">EntityTraining</party:partyId>
        </trade:buyerPartyReference>
        <trade:sellerPartyReference>
            <party:partyId party:partyIdScheme="http://www.sophis.net/party/partyId/reference">CounterpartyTraining</party:partyId>
        </trade:sellerPartyReference>
        <trade:principalSettlement>
          <trade:numberOfSecurities>100.000000000000</trade:numberOfSecurities>
          <trade:spot trade:inSettlementCurrency="false" trade:type="InAmount">100.000000000000</trade:spot>
          <trade:amount>
            <trade:currency>EUR</trade:currency>
            <trade:forex>1.000000000000</trade:forex>
            <trade:certainty>Certain</trade:certainty>
          </trade:amount>
          <trade:valueDate>
            <common:unadjustedDate>2009-11-05</common:unadjustedDate>
            <common:dateAdjustments>
              <common:businessDayConvention>NONE</common:businessDayConvention>
            </common:dateAdjustments>
          </trade:valueDate>
        </trade:principalSettlement>
      </trade:principalPayment>
    </trade:tradeProduct>
    <trade:entityPartyReference party:href="ExtendedTradeSide1"/>
    <trade:extendedTradeSide trade:id="ExtendedTradeSide1">
      <trade:orderer>
        <party:party>
          <party:partyId party:partyIdScheme="http://www.sophis.net/party/partyId/reference">EntityTraining</party:partyId>
        </party:party>
      </trade:orderer>
      <trade:entity>
        <party:party>
          <party:partyId party:partyIdScheme="http://www.sophis.net/party/partyId/reference">EntityTraining</party:partyId>
        </party:party>
      </trade:entity>
      <trade:counterparty>
        <party:party>
          <party:partyId party:partyIdScheme="http://www.sophis.net/party/partyId/reference">CounterpartyTraining</party:partyId>
        </party:party>
      </trade:counterparty>
    </trade:extendedTradeSide>
   
  </trade:trade>
  
  <trade:trade>
    <trade:tradeHeader>
      <trade:partyTradeIdentifier>
        <party:partyReference>
          <party:partyId party:partyIdScheme="http://www.sophis.net/party/partyId/reference">EntityTraining</party:partyId>
        </party:partyReference>
      </trade:partyTradeIdentifier>
      
      <trade:extendedPartyTradeInformation>
        <trade:partyReference>
          <party:partyId party:partyIdScheme="http://www.sophis.net/party/partyId/reference">EntityTraining</party:partyId>
        </trade:partyReference>
		<trade:trader trade:traderScheme="http://www.sophis.net/user/userId/name">MANAGER</trade:trader>
        <folio:identifierAllocationRule>
          <folio:folio>
            <folio:portfolioName folio:portfolioNameScheme="http://www.sophis.net/folio/portfolioName/fullName">ROOT:ISTraining</folio:portfolioName>
          </folio:folio>
        </folio:identifierAllocationRule>
        <trade:businessEvent>Purchase/Sale</trade:businessEvent>
        <trade:origin>Manual</trade:origin>
        <trade:comment></trade:comment>
        <trade:extraFields>
          <AXA_SettlementAccount></AXA_SettlementAccount>
        </trade:extraFields>
      </trade:extendedPartyTradeInformation>
      <trade:tradeDate>2009-11-02</trade:tradeDate>
      <trade:tradeTime>17:05:20</trade:tradeTime>
      <trade:paymentDate>2009-11-05</trade:paymentDate>
    </trade:tradeHeader>
    <trade:tradeProduct>
      <trade:instrument sph:href="instrument"></trade:instrument>
      <trade:principalPayment>
        <trade:buyerPartyReference>
            <party:partyId party:partyIdScheme="http://www.sophis.net/party/partyId/reference">EntityTraining</party:partyId>
        </trade:buyerPartyReference>
        <trade:sellerPartyReference>
            <party:partyId party:partyIdScheme="http://www.sophis.net/party/partyId/reference">CounterpartyTraining</party:partyId>
        </trade:sellerPartyReference>
        <trade:principalSettlement>
          <trade:numberOfSecurities>100.000000000000</trade:numberOfSecurities>
          <trade:spot trade:inSettlementCurrency="false" trade:type="InAmount">100.000000000000</trade:spot>
          <trade:amount>
            <trade:currency>EUR</trade:currency>
            <trade:forex>1.000000000000</trade:forex>
            <trade:certainty>Certain</trade:certainty>
          </trade:amount>
          <trade:valueDate>
            <common:unadjustedDate>2009-11-05</common:unadjustedDate>
            <common:dateAdjustments>
              <common:businessDayConvention>NONE</common:businessDayConvention>
            </common:dateAdjustments>
          </trade:valueDate>
        </trade:principalSettlement>
      </trade:principalPayment>
    </trade:tradeProduct>
    <trade:entityPartyReference party:href="ExtendedTradeSide2"/>
    <trade:extendedTradeSide trade:id="ExtendedTradeSide2">
      <trade:orderer>
        <party:party>
          <party:partyId party:partyIdScheme="http://www.sophis.net/party/partyId/reference">EntityTraining</party:partyId>
        </party:party>
      </trade:orderer>
      <trade:entity>
        <party:party>
          <party:partyId party:partyIdScheme="http://www.sophis.net/party/partyId/reference">EntityTraining</party:partyId>
        </party:party>
      </trade:entity>
      <trade:counterparty>
        <party:party>
          <party:partyId party:partyIdScheme="http://www.sophis.net/party/partyId/reference">CounterpartyTraining</party:partyId>
        </party:party>
      </trade:counterparty>
    </trade:extendedTradeSide>
   
  </trade:trade>

</exch:import>