<?xml version="1.0"?>
<exch:import version="4-2" xmlns:xsi="http://www.w3.org/2001/XMLSchema-instance"
             xmlns:exch="http://sophis.net/sophis/gxml/dataExchange" xmlns:fpml="http://www.fpml.org/2005/FpML-4-2"
             xmlns:dsig="http://www.w3.org/2000/09/xmldsig#" xmlns:common="http://sophis.net/sophis/common"
             xmlns:xsd="http://www.w3.org/2001/XMLSchema" xmlns:party="http://www.sophis.net/party"
             xmlns:trade="http://www.sophis.net/trade" xmlns:instrument="http://www.sophis.net/Instrument"
             xmlns:sph="http://www.sophis.net/Instrument" xmlns:folio="http://www.sophis.net/folio"
             xmlns:user="http://www.sophis.net/user" xmlns:fund="http://www.sophis.net/fund" exch:batchType="Session">

	<fpml:header>
		<fpml:conversationId conversationIdScheme=""/>
		<fpml:messageId messageIdScheme="http://www.sophis.net/gxml/exchange/messageIdScheme/simple">001</fpml:messageId>
		<fpml:sentBy partyIdScheme="http://www.sophis.net/party/partyId/name">CLIENT</fpml:sentBy>
		<fpml:sendTo partyIdScheme="http://www.sophis.net/party/partyId/name">SOPHIS</fpml:sendTo>
		<fpml:creationTimestamp>2010-09-02T13:52:00</fpml:creationTimestamp>
	</fpml:header>
	<fund:externalFund>

    	<sph:identifier>
			<sph:reference sph:modifiable="UniquePrioritary" sph:name="Bloomberg">Training FastFund</sph:reference>
		</sph:identifier>
		
		<sph:name>Training FastFund</sph:name>
	  
		<sph:currency>EUR</sph:currency>
		
		<sph:pricing>
			<sph:nature>Z</sph:nature>
			<sph:model>Standard</sph:model>
		</sph:pricing>
		
		<fund:issueDate>2010-06-17</fund:issueDate>  
	  
		<fund:initialNav>10.0000000000000000</fund:initialNav>
		
		<fund:navDates>
			<fund:weekly>
				<fund:publishingDay>Friday</fund:publishingDay>
			</fund:weekly>
		</fund:navDates>
  
		<fund:srFees>
		</fund:srFees>
	
		<fund:legalInformation>
		</fund:legalInformation>

		<fund:fees>
		</fund:fees>
		
	</fund:externalFund>

</exch:import>