<?xml version="1.0"?>
<exch:import version="4-2" xmlns:xsi="http://www.w3.org/2001/XMLSchema-instance"
             xmlns:exch="http://sophis.net/sophis/gxml/dataExchange" xmlns:fpml="http://www.fpml.org/2005/FpML-4-2"
             xmlns:dsig="http://www.w3.org/2000/09/xmldsig#" xmlns:common="http://sophis.net/sophis/common"
             xmlns:xsd="http://www.w3.org/2001/XMLSchema" xmlns:party="http://www.sophis.net/party"
             xmlns:trade="http://www.sophis.net/trade" xmlns:instrument="http://www.sophis.net/Instrument"
             xmlns:sph="http://www.sophis.net/Instrument" xmlns:folio="http://www.sophis.net/folio"
             xmlns:user="http://www.sophis.net/user" xmlns:fund="http://www.sophis.net/fund" exch:batchType="Session">

	<fpml:header>
		<fpml:conversationId conversationIdScheme=""/>
		<fpml:messageId messageIdScheme="http://www.sophis.net/gxml/exchange/messageIdScheme/simple">001</fpml:messageId>
		<fpml:sentBy partyIdScheme="http://www.sophis.net/party/partyId/name">CLIENT</fpml:sentBy>
		<fpml:sendTo partyIdScheme="http://www.sophis.net/party/partyId/name">SOPHIS</fpml:sendTo>
		<fpml:creationTimestamp>2010-09-02T13:52:00</fpml:creationTimestamp>
	</fpml:header>
	<fund:externalFund common:persistenceType="UpdateOrCreate">

    	<sph:identifier>
			<sph:reference sph:modifiable="UniquePrioritary" sph:name="Bloomberg">Training Ext Fund Ref</sph:reference>
		</sph:identifier>
		
		<sph:name>Training Ext Fund Ref</sph:name>
	  
		<sph:currency>EUR</sph:currency>
		
		<sph:pricing>
			<sph:nature>Z</sph:nature>
			<sph:model>Standard</sph:model>
		</sph:pricing>
		
		<fund:issueDate>2010-06-17</fund:issueDate>  
	  
		<fund:initialNav>10.0000000000000000</fund:initialNav>
		
		<fund:navDates>
			<fund:weekly>
				<fund:publishingDay>Friday</fund:publishingDay>
			</fund:weekly>
		</fund:navDates>
  
		<fund:srFees>
			<fund:internalSrFees>
				<fund:subscriptionFees>
					<fund:srPercentage>1.0000000000000000</fund:srPercentage>
					<fund:minimumAmount>0.0000000000000000</fund:minimumAmount>
				</fund:subscriptionFees>
			<fund:redemptionFees>
				<fund:srPercentage>2.0000000000000000</fund:srPercentage>
				<fund:minimumAmount>0.0000000000000000</fund:minimumAmount>
			</fund:redemptionFees>
			</fund:internalSrFees>
			<fund:externalSrFees>
				<fund:subscriptionFees>
					<fund:srPercentage>3.0000000000000000</fund:srPercentage>
					<fund:minimumAmount>0.0000000000000000</fund:minimumAmount>
				</fund:subscriptionFees>
				<fund:redemptionFees>
					<fund:srPercentage>4.0000000000000000</fund:srPercentage>
					<fund:minimumAmount>0.0000000000000000</fund:minimumAmount>
				</fund:redemptionFees>
			</fund:externalSrFees>
		</fund:srFees>
	

		<fund:legalInformation>
			<fund:thirdParties>
				<fund:primeBrokers/>
			</fund:thirdParties>
			<fund:financialAudit>
				<fund:auditor>PricewaterhouseCoopers LLP/Albany NY</fund:auditor>
				<fund:yearEnd></fund:yearEnd>
			</fund:financialAudit>
			<fund:reporting>
				<fund:frequency>Undefined</fund:frequency>
				<fund:description></fund:description>
			</fund:reporting>
		</fund:legalInformation>

		<fund:fees>
			<fund:performanceFee>
				<fund:hurdle>0.050000000000</fund:hurdle>
				<fund:feeRate>0.0432100000000</fund:feeRate>
				<fund:frequency>Bi-monthly</fund:frequency>
				<fund:comment></fund:comment>
			</fund:performanceFee>
			<fund:managementFee>
				<fund:rebate>0.000000000000</fund:rebate>
				<fund:feeRate>0.001500000000</fund:feeRate>
				<fund:frequency>Undefined</fund:frequency>
				<fund:comment></fund:comment>
			</fund:managementFee>
			<fund:otherFees>
				<fund:standardFields>
					<fund:field fund:name="Administrative Fee">
						<fund:double>0.010000000000</fund:double>
					</fund:field>
					<fund:field fund:name="Late Redemption Fee">
						<fund:double>0.020000000000</fund:double>
					</fund:field>
				</fund:standardFields>
				<fund:userDefinedFields>
					<fund:field fund:name="Fixed Fee">
						<fund:double>0.030000000000</fund:double>
					</fund:field>
				</fund:userDefinedFields>
			</fund:otherFees>
		</fund:fees>
		
	</fund:externalFund>

</exch:import>