<?xml version="1.0" ?>
<!--
	Test purpose : Import a portfolio
	Expected result : Portfolio described below shall be inserted in db
-->
<exch:import version="4-2" xmlns:xsi="http://www.w3.org/2001/XMLSchema-instance" xmlns:exch="http://sophis.net/sophis/gxml/dataExchange"
	xmlns:fpml="http://www.fpml.org/2005/FpML-4-2" xmlns:dsig="http://www.w3.org/2000/09/xmldsig#"
	xmlns:common="http://sophis.net/sophis/common" xmlns:xsd="http://www.w3.org/2001/XMLSchema"
	xmlns:party="http://www.sophis.net/party" xmlns:trade="http://www.sophis.net/trade" xmlns:instrument="http://www.sophis.net/Instrument"
	xmlns:sph="http://www.sophis.net/Instrument" xmlns:folio="http://www.sophis.net/folio" xmlns:user="http://www.sophis.net/user"
	xmlns:fund="http://www.sophis.net/fund" exch:batchType="Session">
	
	<fpml:header>
		<fpml:conversationId conversationIdScheme=""/>
		<fpml:messageId messageIdScheme="http://www.sophis.net/gxml/exchange/messageIdScheme/simple">001</fpml:messageId>
		<fpml:sentBy partyIdScheme="http://www.sophis.net/party/partyId/name">BARCLAYS</fpml:sentBy>
		<fpml:sendTo partyIdScheme="http://www.sophis.net/party/partyId/name">SOPHIS</fpml:sendTo>
		<fpml:creationTimestamp>2005-09-19T13:52:00</fpml:creationTimestamp>
	</fpml:header>

<fund:internalFund xmlns:ns0="http://www.sophis.net/fund" xmlns:common="http://sophis.net/sophis/common" xmlns:ns1="http://www.sophis.net/party" xmlns:ns2="http://www.sophis.net/folio" xmlns:sph="http://www.sophis.net/Instrument">

  <sph:identifier>
    <sph:reference sph:modifiable="UniqueNotPrioritary" sph:name="Ticker">TrainingIntFund</sph:reference>
  </sph:identifier>

  <sph:name>TrainingIntFund</sph:name>

  <sph:currency>EUR</sph:currency>

 <sph:pricing>
			<sph:nature>Z</sph:nature>
			<sph:model>Standard</sph:model>
		</sph:pricing>
		
		<fund:issueDate>2010-06-17</fund:issueDate>  
	  
		<fund:initialNav>10.0000000000000000</fund:initialNav>
		
		  <fund:entity>
			<party:partyId ns1:partyIdScheme="http://www.sophis.net/party/partyId/reference">Entity 1</party:partyId>
			</fund:entity>
		<fund:navDates>
			<fund:weekly>
				<fund:publishingDay>Friday</fund:publishingDay>
			</fund:weekly>
		</fund:navDates>
  
		<fund:srFees>
		</fund:srFees>
	

		

  <fund:portfolios>
    <fund:rootPortfolio>
      <folio:portfolioName folio:portfolioNameScheme="http://www.sophis.net/folio/portfolioName/fullName">ROOT:FundFolio</folio:portfolioName>
    </fund:rootPortfolio>
    <fund:cashPortfolio>
        <folio:portfolioName folio:portfolioNameScheme="http://www.sophis.net/folio/portfolioName/fullName">ROOT:FundFolio</folio:portfolioName>
    </fund:cashPortfolio>
    <fund:srPortfolio>
      <folio:portfolioName folio:portfolioNameScheme="http://www.sophis.net/folio/portfolioName/fullName">ROOT:FundFolio</folio:portfolioName>
    </fund:srPortfolio>
    <fund:feesPortfolio>
       <folio:portfolioName folio:portfolioNameScheme="http://www.sophis.net/folio/portfolioName/fullName">ROOT:FundFolio</folio:portfolioName>
    </fund:feesPortfolio>
    <fund:fundUnderlying>
     
      <sph:reference sph:modifiable="UniqueNotPrioritary" sph:name="Ticker">CAC Index</sph:reference>
    </fund:fundUnderlying>
    <fund:administrator>
     
      <ns1:partyId ns1:partyIdScheme="http://www.sophis.net/party/partyId/reference">Dexia</ns1:partyId>
    </fund:administrator>
  </fund:portfolios>

  <fund:valuation>
    <fund:positionOffset>0</fund:positionOffset>
  </fund:valuation>

</fund:internalFund>


</exch:import>

