<?xml version="1.0"?>
<exch:import version="4-2" xmlns:xsi="http://www.w3.org/2001/XMLSchema-instance"
             xmlns:exch="http://sophis.net/sophis/gxml/dataExchange" xmlns:fpml="http://www.fpml.org/2005/FpML-4-2"
             xmlns:dsig="http://www.w3.org/2000/09/xmldsig#" xmlns:common="http://sophis.net/sophis/common"
             xmlns:xsd="http://www.w3.org/2001/XMLSchema" xmlns:party="http://www.sophis.net/party"
             xmlns:trade="http://www.sophis.net/trade" xmlns:instrument="http://www.sophis.net/Instrument"
             xmlns:sph="http://www.sophis.net/Instrument" xmlns:folio="http://www.sophis.net/folio"
             xmlns:user="http://www.sophis.net/user" xmlns:fund="http://www.sophis.net/fund" xmlns:sr="http://www.sophis.net/sr" exch:batchType="Session">

	<fpml:header>
		<fpml:conversationId conversationIdScheme=""/>
		<fpml:messageId messageIdScheme="http://www.sophis.net/gxml/exchange/messageIdScheme/simple">001</fpml:messageId>
		<fpml:sentBy partyIdScheme="http://www.sophis.net/party/partyId/name">CLIENT</fpml:sentBy>
		<fpml:sendTo partyIdScheme="http://www.sophis.net/party/partyId/name">SOPHIS</fpml:sendTo>
		<fpml:creationTimestamp>2010-09-02T13:52:00</fpml:creationTimestamp>
	</fpml:header>
	
	<exch:extensibleElement>
		
		<sr:sr xmlns:sr="http://www.sophis.net/sr" xmlns:instr="http://www.sophis.net/Instrument" >


			<sr:identifier>
				<sr:srId sr:source="GXML">Training Insert SR</sr:srId>
			</sr:identifier>
		  <sr:product>
			<sr:fund>
			  <instr:reference instr:modifiable="UniqueNotPrioritary" instr:name="Ticker">[Fund] 7 - Equity World</instr:reference>
			</sr:fund>
			      <sr:details>
					  <sr:unitsAndAmount>
						<sr:grossAmount>300000000.000000000000</sr:grossAmount>
					  </sr:unitsAndAmount>
					  <sr:lastGAV>100.000000000000</sr:lastGAV>
					  <sr:limitGAV>0.000000000000</sr:limitGAV>
					  <sr:frozenGAV>true</sr:frozenGAV>
					  <sr:issueDate>2009-02-05</sr:issueDate>
					  <sr:NAVDate>2009-02-05</sr:NAVDate>
					  <sr:includeInNAVAfter>2009-02-05</sr:includeInNAVAfter>
					  <sr:settlementDate>2009-02-06</sr:settlementDate>
					  <sr:operatorName>MANAGER</sr:operatorName>
					</sr:details>
					<sr:fees>
					  <sr:externalFees>
						<sr:percentage>0.000000000000</sr:percentage>
					  </sr:externalFees>
					  <sr:internalFees>
						<sr:percentage>0.000000000000</sr:percentage>
					  </sr:internalFees>
					  <sr:businessPartnerFees>0.000000000000</sr:businessPartnerFees>
					</sr:fees>
			
			
			</sr:product>

			<sr:investor>
				<party:partyId party:partyIdScheme="http://www.sophis.net/party/partyId/reference">Basket Fund</party:partyId>
			</sr:investor>
		  <sr:comments></sr:comments>

		</sr:sr>

	</exch:extensibleElement>

</exch:import>